Image URL,Emotional Class
file:///notebooks/AI-for-Media-project-23-24/my-classification-dataset/disgusted-face/pinterest_1105774514745986841.jpg,disgusted-face
file:///notebooks/AI-for-Media-project-23-24/my-classification-dataset/disgusted-face/pinterest_1105774514746051261.jpg,disgusted-face
file:///notebooks/AI-for-Media-project-23-24/my-classification-dataset/disgusted-face/pinterest_1105774514745986834.jpg,disgusted-face
file:///notebooks/AI-for-Media-project-23-24/my-classification-dataset/disgusted-face/pinterest_1105774514745986867.jpg,disgusted-face
file:///notebooks/AI-for-Media-project-23-24/my-classification-dataset/disgusted-face/pinterest_1105774514746051380.jpg,disgusted-face
file:///notebooks/AI-for-Media-project-23-24/my-classification-dataset/disgusted-face/pinterest_1105774514745986899.jpg,disgusted-face
file:///notebooks/AI-for-Media-project-23-24/my-classification-dataset/disgusted-face/pinterest_1105774514745987584.jpg,disgusted-face
file:///notebooks/AI-for-Media-project-23-24/my-classification-dataset/disgusted-face/pinterest_1105774514745986801.jpg,disgusted-face
file:///notebooks/AI-for-Media-project-23-24/my-classification-dataset/disgusted-face/pinterest_1105774514746051262.jpg,disgusted-face
file:///notebooks/AI-for-Media-project-23-24/my-classification-dataset/disgusted-face/pinterest_1105774514745986847.jpg,disgusted-face
file:///notebooks/AI-for-Media-project-23-24/my-classification-dataset/disgusted-face/pinterest_1105774514746049796.jpg,disgusted-face
file:///notebooks/AI-for-Media-project-23-24/my-classification-dataset/disgusted-face/pinterest_1105774514746049813.jpg,disgusted-face
file:///notebooks/AI-for-Media-project-23-24/my-classification-dataset/disgusted-face/pinterest_1105774514745986894.jpg,disgusted-face
file:///notebooks/AI-for-Media-project-23-24/my-classification-dataset/disgusted-face/pinterest_1105774514745986827.jpg,disgusted-face
file:///notebooks/AI-for-Media-project-23-24/my-classification-dataset/disgusted-face/pinterest_1105774514745987620.jpg,disgusted-face
file:///notebooks/AI-for-Media-project-23-24/my-classification-dataset/disgusted-face/pinterest_1105774514745987593.jpg,disgusted-face
file:///notebooks/AI-for-Media-project-23-24/my-classification-dataset/disgusted-face/pinterest_1105774514746051319.jpg,disgusted-face
file:///notebooks/AI-for-Media-project-23-24/my-classification-dataset/disgusted-face/pinterest_1105774514745986859.jpg,disgusted-face
file:///notebooks/AI-for-Media-project-23-24/my-classification-dataset/disgusted-face/pinterest_1105774514745986824.jpg,disgusted-face
file:///notebooks/AI-for-Media-project-23-24/my-classification-dataset/disgusted-face/pinterest_1105774514746051622.jpg,disgusted-face
file:///notebooks/AI-for-Media-project-23-24/my-classification-dataset/disgusted-face/pinterest_1105774514746051639.jpg,disgusted-face
file:///notebooks/AI-for-Media-project-23-24/my-classification-dataset/disgusted-face/pinterest_1105774514745986798.jpg,disgusted-face
file:///notebooks/AI-for-Media-project-23-24/my-classification-dataset/disgusted-face/pinterest_1105774514745987627.jpg,disgusted-face
file:///notebooks/AI-for-Media-project-23-24/my-classification-dataset/disgusted-face/pinterest_1105774514745986872.jpg,disgusted-face
file:///notebooks/AI-for-Media-project-23-24/my-classification-dataset/disgusted-face/pinterest_1105774514746051638.jpg,disgusted-face
file:///notebooks/AI-for-Media-project-23-24/my-classification-dataset/disgusted-face/pinterest_1105774514745986806.jpg,disgusted-face
file:///notebooks/AI-for-Media-project-23-24/my-classification-dataset/disgusted-face/pinterest_1105774514745987579.jpg,disgusted-face
file:///notebooks/AI-for-Media-project-23-24/my-classification-dataset/disgusted-face/pinterest_1105774514746051216.png,disgusted-face
file:///notebooks/AI-for-Media-project-23-24/my-classification-dataset/disgusted-face/pinterest_1105774514745986845.jpg,disgusted-face
file:///notebooks/AI-for-Media-project-23-24/my-classification-dataset/disgusted-face/pinterest_1105774514745986810.jpg,disgusted-face
file:///notebooks/AI-for-Media-project-23-24/my-classification-dataset/disgusted-face/pinterest_1105774514745986839.png,disgusted-face
file:///notebooks/AI-for-Media-project-23-24/my-classification-dataset/disgusted-face/pinterest_1105774514746051320.jpg,disgusted-face
file:///notebooks/AI-for-Media-project-23-24/my-classification-dataset/disgusted-face/pinterest_1105774514745986883.jpg,disgusted-face
file:///notebooks/AI-for-Media-project-23-24/my-classification-dataset/disgusted-face/pinterest_1105774514745986820.jpg,disgusted-face
file:///notebooks/AI-for-Media-project-23-24/my-classification-dataset/disgusted-face/pinterest_1105774514745986880.jpg,disgusted-face
file:///notebooks/AI-for-Media-project-23-24/my-classification-dataset/disgusted-face/pinterest_1105774514746049819.jpg,disgusted-face
file:///notebooks/AI-for-Media-project-23-24/my-classification-dataset/disgusted-face/pinterest_1105774514746051396.jpg,disgusted-face
file:///notebooks/AI-for-Media-project-23-24/my-classification-dataset/disgusted-face/pinterest_1105774514746051171.jpg,disgusted-face
file:///notebooks/AI-for-Media-project-23-24/my-classification-dataset/disgusted-face/pinterest_1105774514745986863.gif,disgusted-face
file:///notebooks/AI-for-Media-project-23-24/my-classification-dataset/disgusted-face/pinterest_1105774514746051318.png,disgusted-face
file:///notebooks/AI-for-Media-project-23-24/my-classification-dataset/disgusted-face/pinterest_1105774514745986897.jpg,disgusted-face
file:///notebooks/AI-for-Media-project-23-24/my-classification-dataset/disgusted-face/pinterest_1105774514746049795.jpg,disgusted-face
file:///notebooks/AI-for-Media-project-23-24/my-classification-dataset/disgusted-face/pinterest_1105774514746051165.png,disgusted-face
file:///notebooks/AI-for-Media-project-23-24/my-classification-dataset/disgusted-face/pinterest_1105774514745987586.jpg,disgusted-face
file:///notebooks/AI-for-Media-project-23-24/my-classification-dataset/disgusted-face/pinterest_1105774514746049806.jpg,disgusted-face
file:///notebooks/AI-for-Media-project-23-24/my-classification-dataset/disgusted-face/pinterest_1105774514746049820.jpg,disgusted-face
file:///notebooks/AI-for-Media-project-23-24/my-classification-dataset/disgusted-face/pinterest_1105774514746049811.jpg,disgusted-face
file:///notebooks/AI-for-Media-project-23-24/my-classification-dataset/disgusted-face/pinterest_1105774514745986804.jpg,disgusted-face
file:///notebooks/AI-for-Media-project-23-24/my-classification-dataset/disgusted-face/pinterest_1105774514745987546.jpg,disgusted-face
file:///notebooks/AI-for-Media-project-23-24/my-classification-dataset/disgusted-face/pinterest_1105774514746049799.jpg,disgusted-face
file:///notebooks/AI-for-Media-project-23-24/my-classification-dataset/disgusted-face/pinterest_1105774514745986854.jpg,disgusted-face
file:///notebooks/AI-for-Media-project-23-24/my-classification-dataset/disgusted-face/pinterest_1105774514746051335.jpg,disgusted-face
file:///notebooks/AI-for-Media-project-23-24/my-classification-dataset/disgusted-face/pinterest_1105774514745986886.jpg,disgusted-face
file:///notebooks/AI-for-Media-project-23-24/my-classification-dataset/disgusted-face/pinterest_1105774514745986878.jpg,disgusted-face
file:///notebooks/AI-for-Media-project-23-24/my-classification-dataset/disgusted-face/pinterest_1105774514745986825.jpg,disgusted-face
file:///notebooks/AI-for-Media-project-23-24/my-classification-dataset/disgusted-face/pinterest_1105774514745986884.jpg,disgusted-face
file:///notebooks/AI-for-Media-project-23-24/my-classification-dataset/disgusted-face/pinterest_1105774514746049808.jpg,disgusted-face
file:///notebooks/AI-for-Media-project-23-24/my-classification-dataset/disgusted-face/pinterest_1105774514746051245.jpg,disgusted-face
file:///notebooks/AI-for-Media-project-23-24/my-classification-dataset/disgusted-face/pinterest_1105774514745987608.png,disgusted-face
file:///notebooks/AI-for-Media-project-23-24/my-classification-dataset/disgusted-face/pinterest_1105774514745986874.jpg,disgusted-face
file:///notebooks/AI-for-Media-project-23-24/my-classification-dataset/disgusted-face/pinterest_1105774514745986836.jpg,disgusted-face
file:///notebooks/AI-for-Media-project-23-24/my-classification-dataset/disgusted-face/pinterest_1105774514745986864.jpg,disgusted-face
file:///notebooks/AI-for-Media-project-23-24/my-classification-dataset/disgusted-face/pinterest_1105774514746049809.jpg,disgusted-face
file:///notebooks/AI-for-Media-project-23-24/my-classification-dataset/disgusted-face/pinterest_1105774514746051627.jpg,disgusted-face
file:///notebooks/AI-for-Media-project-23-24/my-classification-dataset/disgusted-face/pinterest_1105774514746051169.jpg,disgusted-face
file:///notebooks/AI-for-Media-project-23-24/my-classification-dataset/disgusted-face/pinterest_1105774514746051329.jpg,disgusted-face
file:///notebooks/AI-for-Media-project-23-24/my-classification-dataset/disgusted-face/pinterest_1105774514746051518.jpg,disgusted-face
file:///notebooks/AI-for-Media-project-23-24/my-classification-dataset/disgusted-face/pinterest_1105774514745987618.jpg,disgusted-face
file:///notebooks/AI-for-Media-project-23-24/my-classification-dataset/disgusted-face/pinterest_1105774514746049793.jpg,disgusted-face
file:///notebooks/AI-for-Media-project-23-24/my-classification-dataset/disgusted-face/pinterest_1105774514746051207.jpg,disgusted-face
file:///notebooks/AI-for-Media-project-23-24/my-classification-dataset/disgusted-face/pinterest_1105774514746051284.jpg,disgusted-face
file:///notebooks/AI-for-Media-project-23-24/my-classification-dataset/disgusted-face/pinterest_1105774514746049803.jpg,disgusted-face
file:///notebooks/AI-for-Media-project-23-24/my-classification-dataset/disgusted-face/pinterest_1105774514746049801.jpg,disgusted-face
file:///notebooks/AI-for-Media-project-23-24/my-classification-dataset/disgusted-face/pinterest_1105774514746051597.jpg,disgusted-face
file:///notebooks/AI-for-Media-project-23-24/my-classification-dataset/disgusted-face/pinterest_1105774514745987626.jpg,disgusted-face
file:///notebooks/AI-for-Media-project-23-24/my-classification-dataset/disgusted-face/pinterest_1105774514745986857.jpg,disgusted-face
file:///notebooks/AI-for-Media-project-23-24/my-classification-dataset/disgusted-face/pinterest_1105774514745986869.jpg,disgusted-face
file:///notebooks/AI-for-Media-project-23-24/my-classification-dataset/disgusted-face/pinterest_1105774514746049791.jpg,disgusted-face
file:///notebooks/AI-for-Media-project-23-24/my-classification-dataset/disgusted-face/pinterest_1105774514746051641.jpg,disgusted-face
file:///notebooks/AI-for-Media-project-23-24/my-classification-dataset/disgusted-face/pinterest_1105774514745987554.jpg,disgusted-face
file:///notebooks/AI-for-Media-project-23-24/my-classification-dataset/disgusted-face/pinterest_1105774514745986816.jpg,disgusted-face
file:///notebooks/AI-for-Media-project-23-24/my-classification-dataset/disgusted-face/pinterest_1105774514746051219.jpg,disgusted-face
file:///notebooks/AI-for-Media-project-23-24/my-classification-dataset/neutral-face/pinterest_591801207283449661.jpg,neutral-face
file:///notebooks/AI-for-Media-project-23-24/my-classification-dataset/neutral-face/pinterest_591801207294709740.jpg,neutral-face
file:///notebooks/AI-for-Media-project-23-24/my-classification-dataset/neutral-face/pinterest_591801207297655446.jpg,neutral-face
file:///notebooks/AI-for-Media-project-23-24/my-classification-dataset/neutral-face/pinterest_591801207283449345.jpg,neutral-face
file:///notebooks/AI-for-Media-project-23-24/my-classification-dataset/neutral-face/pinterest_591801207283452466.jpg,neutral-face
file:///notebooks/AI-for-Media-project-23-24/my-classification-dataset/neutral-face/pinterest_591801207297735378.jpg,neutral-face
file:///notebooks/AI-for-Media-project-23-24/my-classification-dataset/neutral-face/pinterest_591801207283452119.jpg,neutral-face
file:///notebooks/AI-for-Media-project-23-24/my-classification-dataset/neutral-face/pinterest_591801207283449248.png,neutral-face
file:///notebooks/AI-for-Media-project-23-24/my-classification-dataset/neutral-face/pinterest_591801207283449522.jpg,neutral-face
file:///notebooks/AI-for-Media-project-23-24/my-classification-dataset/neutral-face/pinterest_591801207283452460.jpg,neutral-face
file:///notebooks/AI-for-Media-project-23-24/my-classification-dataset/neutral-face/pinterest_591801207284228929.jpg,neutral-face
file:///notebooks/AI-for-Media-project-23-24/my-classification-dataset/neutral-face/pinterest_591801207283449281.png,neutral-face
file:///notebooks/AI-for-Media-project-23-24/my-classification-dataset/neutral-face/pinterest_591801207283449255.jpg,neutral-face
file:///notebooks/AI-for-Media-project-23-24/my-classification-dataset/neutral-face/pinterest_591801207283449415.jpg,neutral-face
file:///notebooks/AI-for-Media-project-23-24/my-classification-dataset/neutral-face/pinterest_591801207283452007.jpg,neutral-face
file:///notebooks/AI-for-Media-project-23-24/my-classification-dataset/neutral-face/pinterest_591801207296077626.jpg,neutral-face
file:///notebooks/AI-for-Media-project-23-24/my-classification-dataset/neutral-face/pinterest_591801207283449270.jpg,neutral-face
file:///notebooks/AI-for-Media-project-23-24/my-classification-dataset/neutral-face/pinterest_591801207283449418.jpg,neutral-face
file:///notebooks/AI-for-Media-project-23-24/my-classification-dataset/neutral-face/pinterest_591801207297813078.jpg,neutral-face
file:///notebooks/AI-for-Media-project-23-24/my-classification-dataset/neutral-face/pinterest_591801207283449833.jpg,neutral-face
file:///notebooks/AI-for-Media-project-23-24/my-classification-dataset/neutral-face/pinterest_591801207284228921.jpg,neutral-face
file:///notebooks/AI-for-Media-project-23-24/my-classification-dataset/neutral-face/pinterest_591801207283452026.jpg,neutral-face
file:///notebooks/AI-for-Media-project-23-24/my-classification-dataset/neutral-face/pinterest_591801207283449508.jpg,neutral-face
file:///notebooks/AI-for-Media-project-23-24/my-classification-dataset/neutral-face/pinterest_591801207303010467.jpg,neutral-face
file:///notebooks/AI-for-Media-project-23-24/my-classification-dataset/neutral-face/pinterest_591801207283452080.jpg,neutral-face
file:///notebooks/AI-for-Media-project-23-24/my-classification-dataset/neutral-face/pinterest_591801207297438284.jpg,neutral-face
file:///notebooks/AI-for-Media-project-23-24/my-classification-dataset/neutral-face/pinterest_591801207306456186.jpg,neutral-face
file:///notebooks/AI-for-Media-project-23-24/my-classification-dataset/neutral-face/pinterest_591801207283449400.jpg,neutral-face
file:///notebooks/AI-for-Media-project-23-24/my-classification-dataset/neutral-face/pinterest_591801207285737483.jpg,neutral-face
file:///notebooks/AI-for-Media-project-23-24/my-classification-dataset/neutral-face/pinterest_591801207297813095.jpg,neutral-face
file:///notebooks/AI-for-Media-project-23-24/my-classification-dataset/neutral-face/pinterest_591801207306939771.jpg,neutral-face
file:///notebooks/AI-for-Media-project-23-24/my-classification-dataset/neutral-face/pinterest_591801207283449280.jpg,neutral-face
file:///notebooks/AI-for-Media-project-23-24/my-classification-dataset/neutral-face/pinterest_591801207283449764.jpg,neutral-face
file:///notebooks/AI-for-Media-project-23-24/my-classification-dataset/neutral-face/pinterest_591801207283449293.jpg,neutral-face
file:///notebooks/AI-for-Media-project-23-24/my-classification-dataset/neutral-face/pinterest_591801207298273418.jpg,neutral-face
file:///notebooks/AI-for-Media-project-23-24/my-classification-dataset/neutral-face/pinterest_591801207299011381.png,neutral-face
file:///notebooks/AI-for-Media-project-23-24/my-classification-dataset/neutral-face/pinterest_591801207283449269.png,neutral-face
file:///notebooks/AI-for-Media-project-23-24/my-classification-dataset/neutral-face/pinterest_591801207283449389.jpg,neutral-face
file:///notebooks/AI-for-Media-project-23-24/my-classification-dataset/neutral-face/.ipynb_checkpoints,neutral-face
file:///notebooks/AI-for-Media-project-23-24/my-classification-dataset/neutral-face/pinterest_591801207283449371.jpg,neutral-face
file:///notebooks/AI-for-Media-project-23-24/my-classification-dataset/neutral-face/pinterest_591801207284051578.jpg,neutral-face
file:///notebooks/AI-for-Media-project-23-24/my-classification-dataset/neutral-face/pinterest_591801207283449312.jpg,neutral-face
file:///notebooks/AI-for-Media-project-23-24/my-classification-dataset/neutral-face/pinterest_591801207283783316.jpg,neutral-face
file:///notebooks/AI-for-Media-project-23-24/my-classification-dataset/neutral-face/pinterest_591801207303010493.jpg,neutral-face
file:///notebooks/AI-for-Media-project-23-24/my-classification-dataset/neutral-face/pinterest_591801207283449468.jpg,neutral-face
file:///notebooks/AI-for-Media-project-23-24/my-classification-dataset/neutral-face/pinterest_591801207286436269.jpg,neutral-face
file:///notebooks/AI-for-Media-project-23-24/my-classification-dataset/sad-face/pinterest_527343437594531362.jpg,sad-face
file:///notebooks/AI-for-Media-project-23-24/my-classification-dataset/sad-face/pinterest_430516045647374606.jpg,sad-face
file:///notebooks/AI-for-Media-project-23-24/my-classification-dataset/sad-face/pinterest_115123334204084173.jpg,sad-face
file:///notebooks/AI-for-Media-project-23-24/my-classification-dataset/sad-face/pinterest_430516045647374647.jpg,sad-face
file:///notebooks/AI-for-Media-project-23-24/my-classification-dataset/sad-face/pinterest_430516045646492624.jpg,sad-face
file:///notebooks/AI-for-Media-project-23-24/my-classification-dataset/sad-face/pinterest_115123334203883744.jpg,sad-face
file:///notebooks/AI-for-Media-project-23-24/my-classification-dataset/sad-face/pinterest_430516045646492612.jpg,sad-face
file:///notebooks/AI-for-Media-project-23-24/my-classification-dataset/sad-face/pinterest_430516045647009633.jpg,sad-face
file:///notebooks/AI-for-Media-project-23-24/my-classification-dataset/sad-face/pinterest_527343437594531374.jpg,sad-face
file:///notebooks/AI-for-Media-project-23-24/my-classification-dataset/sad-face/pinterest_430516045647009644.jpg,sad-face
file:///notebooks/AI-for-Media-project-23-24/my-classification-dataset/sad-face/pinterest_430516045646540461.jpg,sad-face
file:///notebooks/AI-for-Media-project-23-24/my-classification-dataset/sad-face/pinterest_430516045647376896.jpg,sad-face
file:///notebooks/AI-for-Media-project-23-24/my-classification-dataset/sad-face/pinterest_115123334203883720.jpg,sad-face
file:///notebooks/AI-for-Media-project-23-24/my-classification-dataset/sad-face/pinterest_115123334204079381.jpg,sad-face
file:///notebooks/AI-for-Media-project-23-24/my-classification-dataset/sad-face/pinterest_430516045647374624.jpg,sad-face
file:///notebooks/AI-for-Media-project-23-24/my-classification-dataset/sad-face/pinterest_430516045647261994.jpg,sad-face
file:///notebooks/AI-for-Media-project-23-24/my-classification-dataset/sad-face/pinterest_430516045647374774.jpg,sad-face
file:///notebooks/AI-for-Media-project-23-24/my-classification-dataset/sad-face/pinterest_115123334203883717.jpg,sad-face
file:///notebooks/AI-for-Media-project-23-24/my-classification-dataset/sad-face/pinterest_430516045647200332.jpg,sad-face
file:///notebooks/AI-for-Media-project-23-24/my-classification-dataset/sad-face/pinterest_115123334204079376.jpg,sad-face
file:///notebooks/AI-for-Media-project-23-24/my-classification-dataset/sad-face/pinterest_115123334204079379.jpg,sad-face
file:///notebooks/AI-for-Media-project-23-24/my-classification-dataset/sad-face/pinterest_115123334212235361.webp,sad-face
file:///notebooks/AI-for-Media-project-23-24/my-classification-dataset/sad-face/pinterest_115123334211639020.jpg,sad-face
file:///notebooks/AI-for-Media-project-23-24/my-classification-dataset/sad-face/pinterest_527343437594531413.jpg,sad-face
file:///notebooks/AI-for-Media-project-23-24/my-classification-dataset/sad-face/pinterest_115123334203889598.jpg,sad-face
file:///notebooks/AI-for-Media-project-23-24/my-classification-dataset/sad-face/pinterest_430516045647374704.jpg,sad-face
file:///notebooks/AI-for-Media-project-23-24/my-classification-dataset/sad-face/pinterest_430516045646540462.jpg,sad-face
file:///notebooks/AI-for-Media-project-23-24/my-classification-dataset/sad-face/pinterest_115123334203883751.jpg,sad-face
file:///notebooks/AI-for-Media-project-23-24/my-classification-dataset/sad-face/pinterest_430516045647629804.jpg,sad-face
file:///notebooks/AI-for-Media-project-23-24/my-classification-dataset/sad-face/pinterest_115123334203883758.jpg,sad-face
file:///notebooks/AI-for-Media-project-23-24/my-classification-dataset/sad-face/pinterest_430516045647374679.jpg,sad-face
file:///notebooks/AI-for-Media-project-23-24/my-classification-dataset/sad-face/pinterest_430516045647374567.jpg,sad-face
file:///notebooks/AI-for-Media-project-23-24/my-classification-dataset/sad-face/pinterest_430516045646543767.png,sad-face
file:///notebooks/AI-for-Media-project-23-24/my-classification-dataset/sad-face/pinterest_430516045647374648.jpg,sad-face
file:///notebooks/AI-for-Media-project-23-24/my-classification-dataset/sad-face/pinterest_115123334203889668.jpg,sad-face
file:///notebooks/AI-for-Media-project-23-24/my-classification-dataset/sad-face/pinterest_527343437594531387.jpg,sad-face
file:///notebooks/AI-for-Media-project-23-24/my-classification-dataset/sad-face/pinterest_115123334203889653.jpg,sad-face
file:///notebooks/AI-for-Media-project-23-24/my-classification-dataset/sad-face/pinterest_430516045647374584.png,sad-face
file:///notebooks/AI-for-Media-project-23-24/my-classification-dataset/sad-face/pinterest_430516045647656395.jpg,sad-face
file:///notebooks/AI-for-Media-project-23-24/my-classification-dataset/sad-face/pinterest_430516045647261967.jpg,sad-face
file:///notebooks/AI-for-Media-project-23-24/my-classification-dataset/sad-face/pinterest_527343437594531397.jpg,sad-face
file:///notebooks/AI-for-Media-project-23-24/my-classification-dataset/sad-face/pinterest_430516045647503189.jpg,sad-face
file:///notebooks/AI-for-Media-project-23-24/my-classification-dataset/sad-face/pinterest_115123334203887084.jpg,sad-face
file:///notebooks/AI-for-Media-project-23-24/my-classification-dataset/sad-face/pinterest_527343437594531415.jpg,sad-face
file:///notebooks/AI-for-Media-project-23-24/my-classification-dataset/sad-face/pinterest_115123334204224113.jpg,sad-face
file:///notebooks/AI-for-Media-project-23-24/my-classification-dataset/sad-face/pinterest_430516045647374779.jpg,sad-face
file:///notebooks/AI-for-Media-project-23-24/my-classification-dataset/sad-face/pinterest_430516045647374709.jpg,sad-face
file:///notebooks/AI-for-Media-project-23-24/my-classification-dataset/sad-face/pinterest_430516045647629793.jpg,sad-face
file:///notebooks/AI-for-Media-project-23-24/my-classification-dataset/sad-face/pinterest_115123334204079418.png,sad-face
file:///notebooks/AI-for-Media-project-23-24/my-classification-dataset/sad-face/pinterest_527343437594531398.jpg,sad-face
file:///notebooks/AI-for-Media-project-23-24/my-classification-dataset/sad-face/pinterest_430516045646540463.jpg,sad-face
file:///notebooks/AI-for-Media-project-23-24/my-classification-dataset/sad-face/pinterest_430516045647009672.jpg,sad-face
file:///notebooks/AI-for-Media-project-23-24/my-classification-dataset/sad-face/pinterest_430516045647009645.jpg,sad-face
file:///notebooks/AI-for-Media-project-23-24/my-classification-dataset/sad-face/pinterest_527343437594531409.jpg,sad-face
file:///notebooks/AI-for-Media-project-23-24/my-classification-dataset/sad-face/pinterest_115123334203883713.jpg,sad-face
file:///notebooks/AI-for-Media-project-23-24/my-classification-dataset/sad-face/pinterest_430516045647009638.jpg,sad-face
file:///notebooks/AI-for-Media-project-23-24/my-classification-dataset/sad-face/pinterest_115123334203883756.jpg,sad-face
file:///notebooks/AI-for-Media-project-23-24/my-classification-dataset/sad-face/pinterest_115123334203883705.jpg,sad-face
file:///notebooks/AI-for-Media-project-23-24/my-classification-dataset/sad-face/pinterest_430516045647374713.jpg,sad-face
file:///notebooks/AI-for-Media-project-23-24/my-classification-dataset/sad-face/pinterest_115123334203889597.jpg,sad-face
file:///notebooks/AI-for-Media-project-23-24/my-classification-dataset/sad-face/pinterest_115123334203980191.jpg,sad-face
file:///notebooks/AI-for-Media-project-23-24/my-classification-dataset/sad-face/pinterest_115123334204079398.jpg,sad-face
file:///notebooks/AI-for-Media-project-23-24/my-classification-dataset/sad-face/pinterest_430516045647374601.jpg,sad-face
file:///notebooks/AI-for-Media-project-23-24/my-classification-dataset/sad-face/pinterest_115123334203883551.jpg,sad-face
file:///notebooks/AI-for-Media-project-23-24/my-classification-dataset/sad-face/pinterest_115123334206216954.jpg,sad-face
file:///notebooks/AI-for-Media-project-23-24/my-classification-dataset/sad-face/pinterest_430516045647009654.jpg,sad-face
file:///notebooks/AI-for-Media-project-23-24/my-classification-dataset/sad-face/pinterest_115123334204079404.jpg,sad-face
file:///notebooks/AI-for-Media-project-23-24/my-classification-dataset/sad-face/pinterest_115123334204180502.jpg,sad-face
file:///notebooks/AI-for-Media-project-23-24/my-classification-dataset/sad-face/pinterest_115123334203889661.jpg,sad-face
file:///notebooks/AI-for-Media-project-23-24/my-classification-dataset/sad-face/pinterest_527343437594531372.jpg,sad-face
file:///notebooks/AI-for-Media-project-23-24/my-classification-dataset/sad-face/pinterest_430516045647009650.jpg,sad-face
file:///notebooks/AI-for-Media-project-23-24/my-classification-dataset/sad-face/pinterest_430516045647262005.jpg,sad-face
file:///notebooks/AI-for-Media-project-23-24/my-classification-dataset/sad-face/pinterest_430516045647374739.jpg,sad-face
file:///notebooks/AI-for-Media-project-23-24/my-classification-dataset/sad-face/pinterest_430516045647009630.jpg,sad-face
file:///notebooks/AI-for-Media-project-23-24/my-classification-dataset/sad-face/pinterest_115123334204079372.jpg,sad-face
file:///notebooks/AI-for-Media-project-23-24/my-classification-dataset/sad-face/pinterest_430516045646492606.jpg,sad-face
file:///notebooks/AI-for-Media-project-23-24/my-classification-dataset/sad-face/pinterest_430516045647009643.jpg,sad-face
file:///notebooks/AI-for-Media-project-23-24/my-classification-dataset/sad-face/pinterest_115123334204180509.jpg,sad-face
file:///notebooks/AI-for-Media-project-23-24/my-classification-dataset/sad-face/pinterest_430516045647261968.jpg,sad-face
file:///notebooks/AI-for-Media-project-23-24/my-classification-dataset/sad-face/pinterest_430516045647374564.jpg,sad-face
file:///notebooks/AI-for-Media-project-23-24/my-classification-dataset/sad-face/pinterest_430516045647376729.jpg,sad-face
file:///notebooks/AI-for-Media-project-23-24/my-classification-dataset/sad-face/pinterest_430516045647629796.jpg,sad-face
file:///notebooks/AI-for-Media-project-23-24/my-classification-dataset/sad-face/pinterest_115123334204079411.jpg,sad-face
file:///notebooks/AI-for-Media-project-23-24/my-classification-dataset/sad-face/pinterest_527343437594531371.jpg,sad-face
file:///notebooks/AI-for-Media-project-23-24/my-classification-dataset/sad-face/pinterest_430516045646492596.jpg,sad-face
file:///notebooks/AI-for-Media-project-23-24/my-classification-dataset/sad-face/pinterest_115123334203987138.jpg,sad-face
file:///notebooks/AI-for-Media-project-23-24/my-classification-dataset/sad-face/pinterest_430516045647268613.jpg,sad-face
file:///notebooks/AI-for-Media-project-23-24/my-classification-dataset/sad-face/pinterest_430516045647270482.jpg,sad-face
file:///notebooks/AI-for-Media-project-23-24/my-classification-dataset/sad-face/pinterest_430516045647009636.jpg,sad-face
file:///notebooks/AI-for-Media-project-23-24/my-classification-dataset/sad-face/pinterest_115123334205091967.jpg,sad-face
file:///notebooks/AI-for-Media-project-23-24/my-classification-dataset/sad-face/pinterest_115123334212235371.jpg,sad-face
file:///notebooks/AI-for-Media-project-23-24/my-classification-dataset/sad-face/pinterest_115123334204686633.jpg,sad-face
file:///notebooks/AI-for-Media-project-23-24/my-classification-dataset/sad-face/pinterest_430516045647009639.jpg,sad-face
file:///notebooks/AI-for-Media-project-23-24/my-classification-dataset/sad-face/pinterest_430516045647009642.jpg,sad-face
file:///notebooks/AI-for-Media-project-23-24/my-classification-dataset/sad-face/pinterest_430516045647261987.jpg,sad-face
file:///notebooks/AI-for-Media-project-23-24/my-classification-dataset/sad-face/pinterest_115123334204079409.jpg,sad-face
file:///notebooks/AI-for-Media-project-23-24/my-classification-dataset/sad-face/pinterest_527343437594531357.jpg,sad-face
file:///notebooks/AI-for-Media-project-23-24/my-classification-dataset/sad-face/pinterest_430516045647009641.jpg,sad-face
file:///notebooks/AI-for-Media-project-23-24/my-classification-dataset/sad-face/pinterest_115123334203890738.jpg,sad-face
file:///notebooks/AI-for-Media-project-23-24/my-classification-dataset/sad-face/pinterest_115123334204084172.jpg,sad-face
file:///notebooks/AI-for-Media-project-23-24/my-classification-dataset/sad-face/pinterest_115123334204686615.jpg,sad-face
file:///notebooks/AI-for-Media-project-23-24/my-classification-dataset/sad-face/pinterest_430516045646492657.jpg,sad-face
file:///notebooks/AI-for-Media-project-23-24/my-classification-dataset/sad-face/pinterest_115123334204079396.jpg,sad-face
file:///notebooks/AI-for-Media-project-23-24/my-classification-dataset/sad-face/pinterest_430516045647009640.jpg,sad-face
file:///notebooks/AI-for-Media-project-23-24/my-classification-dataset/sad-face/pinterest_430516045647009647.jpg,sad-face
file:///notebooks/AI-for-Media-project-23-24/my-classification-dataset/sad-face/pinterest_527343437594531394.jpg,sad-face
file:///notebooks/AI-for-Media-project-23-24/my-classification-dataset/sad-face/pinterest_430516045647374632.jpg,sad-face
file:///notebooks/AI-for-Media-project-23-24/my-classification-dataset/sad-face/pinterest_430516045647503195.jpg,sad-face
file:///notebooks/AI-for-Media-project-23-24/my-classification-dataset/sad-face/pinterest_115123334204079393.jpg,sad-face
file:///notebooks/AI-for-Media-project-23-24/my-classification-dataset/sad-face/pinterest_430516045647009657.jpg,sad-face
file:///notebooks/AI-for-Media-project-23-24/my-classification-dataset/sad-face/pinterest_527343437594531376.jpg,sad-face
file:///notebooks/AI-for-Media-project-23-24/my-classification-dataset/sad-face/pinterest_430516045646492633.jpg,sad-face
file:///notebooks/AI-for-Media-project-23-24/my-classification-dataset/sad-face/pinterest_527343437594531421.jpg,sad-face
file:///notebooks/AI-for-Media-project-23-24/my-classification-dataset/sad-face/pinterest_115123334203987126.jpg,sad-face
file:///notebooks/AI-for-Media-project-23-24/my-classification-dataset/sad-face/pinterest_430516045647374610.jpg,sad-face
file:///notebooks/AI-for-Media-project-23-24/my-classification-dataset/sad-face/pinterest_430516045647009631.jpg,sad-face
file:///notebooks/AI-for-Media-project-23-24/my-classification-dataset/sad-face/pinterest_115123334203883740.jpg,sad-face
file:///notebooks/AI-for-Media-project-23-24/my-classification-dataset/sad-face/pinterest_430516045646492610.jpg,sad-face
file:///notebooks/AI-for-Media-project-23-24/my-classification-dataset/sad-face/pinterest_430516045646492615.png,sad-face
file:///notebooks/AI-for-Media-project-23-24/my-classification-dataset/sad-face/pinterest_115123334204199117.jpg,sad-face
file:///notebooks/AI-for-Media-project-23-24/my-classification-dataset/sad-face/pinterest_430516045647374548.png,sad-face
file:///notebooks/AI-for-Media-project-23-24/my-classification-dataset/sad-face/pinterest_430516045647656398.jpg,sad-face
file:///notebooks/AI-for-Media-project-23-24/my-classification-dataset/sad-face/pinterest_115123334203883730.jpg,sad-face
file:///notebooks/AI-for-Media-project-23-24/my-classification-dataset/sad-face/pinterest_430516045646540475.png,sad-face
file:///notebooks/AI-for-Media-project-23-24/my-classification-dataset/sad-face/pinterest_115123334212235357.jpg,sad-face
file:///notebooks/AI-for-Media-project-23-24/my-classification-dataset/sad-face/pinterest_115123334204663707.jpg,sad-face
file:///notebooks/AI-for-Media-project-23-24/my-classification-dataset/sad-face/pinterest_430516045647376804.jpg,sad-face
file:///notebooks/AI-for-Media-project-23-24/my-classification-dataset/sad-face/pinterest_527343437594531367.jpg,sad-face
file:///notebooks/AI-for-Media-project-23-24/my-classification-dataset/sad-face/pinterest_430516045647374621.jpg,sad-face
file:///notebooks/AI-for-Media-project-23-24/my-classification-dataset/sad-face/pinterest_430516045647009658.jpg,sad-face
file:///notebooks/AI-for-Media-project-23-24/my-classification-dataset/sad-face/pinterest_115123334203987113.jpg,sad-face
file:///notebooks/AI-for-Media-project-23-24/my-classification-dataset/sad-face/pinterest_430516045647374562.jpg,sad-face
file:///notebooks/AI-for-Media-project-23-24/my-classification-dataset/sad-face/pinterest_430516045647629790.jpg,sad-face
file:///notebooks/AI-for-Media-project-23-24/my-classification-dataset/sad-face/pinterest_430516045647261970.jpg,sad-face
file:///notebooks/AI-for-Media-project-23-24/my-classification-dataset/sad-face/pinterest_115123334203987111.jpg,sad-face
file:///notebooks/AI-for-Media-project-23-24/my-classification-dataset/sad-face/pinterest_527343437594531389.jpg,sad-face
file:///notebooks/AI-for-Media-project-23-24/my-classification-dataset/sad-face/pinterest_115123334204079386.jpg,sad-face
file:///notebooks/AI-for-Media-project-23-24/my-classification-dataset/sad-face/pinterest_115123334212245282.jpg,sad-face
file:///notebooks/AI-for-Media-project-23-24/my-classification-dataset/sad-face/pinterest_115123334203971749.jpg,sad-face
file:///notebooks/AI-for-Media-project-23-24/my-classification-dataset/sad-face/pinterest_115123334212245330.jpg,sad-face
file:///notebooks/AI-for-Media-project-23-24/my-classification-dataset/sad-face/pinterest_430516045647009634.jpg,sad-face
file:///notebooks/AI-for-Media-project-23-24/my-classification-dataset/sad-face/pinterest_115123334203889706.jpg,sad-face
file:///notebooks/AI-for-Media-project-23-24/my-classification-dataset/sad-face/pinterest_115123334204079357.jpg,sad-face
file:///notebooks/AI-for-Media-project-23-24/my-classification-dataset/sad-face/pinterest_430516045647270467.jpg,sad-face
file:///notebooks/AI-for-Media-project-23-24/my-classification-dataset/sad-face/pinterest_430516045646492660.jpg,sad-face
file:///notebooks/AI-for-Media-project-23-24/my-classification-dataset/sad-face/pinterest_115123334212239328.jpg,sad-face
file:///notebooks/AI-for-Media-project-23-24/my-classification-dataset/sad-face/pinterest_430516045647374633.jpg,sad-face
file:///notebooks/AI-for-Media-project-23-24/my-classification-dataset/sad-face/pinterest_430516045647374785.jpg,sad-face
file:///notebooks/AI-for-Media-project-23-24/my-classification-dataset/sad-face/pinterest_527343437594531403.jpg,sad-face
file:///notebooks/AI-for-Media-project-23-24/my-classification-dataset/sad-face/pinterest_430516045647200331.jpg,sad-face
file:///notebooks/AI-for-Media-project-23-24/my-classification-dataset/sad-face/pinterest_430516045646492607.jpg,sad-face
file:///notebooks/AI-for-Media-project-23-24/my-classification-dataset/sad-face/pinterest_115123334203883699.jpg,sad-face
file:///notebooks/AI-for-Media-project-23-24/my-classification-dataset/sad-face/pinterest_430516045647009653.jpg,sad-face
file:///notebooks/AI-for-Media-project-23-24/my-classification-dataset/sad-face/pinterest_115123334203887086.jpg,sad-face
file:///notebooks/AI-for-Media-project-23-24/my-classification-dataset/sad-face/pinterest_115123334203889595.jpg,sad-face
file:///notebooks/AI-for-Media-project-23-24/my-classification-dataset/sad-face/pinterest_115123334203890735.jpg,sad-face
file:///notebooks/AI-for-Media-project-23-24/my-classification-dataset/sad-face/pinterest_430516045646540466.jpg,sad-face
file:///notebooks/AI-for-Media-project-23-24/my-classification-dataset/sad-face/pinterest_430516045647503188.jpg,sad-face
file:///notebooks/AI-for-Media-project-23-24/my-classification-dataset/sad-face/pinterest_430516045647009659.jpg,sad-face
file:///notebooks/AI-for-Media-project-23-24/my-classification-dataset/sad-face/pinterest_527343437594531379.jpg,sad-face
file:///notebooks/AI-for-Media-project-23-24/my-classification-dataset/sad-face/pinterest_430516045646492632.png,sad-face
file:///notebooks/AI-for-Media-project-23-24/my-classification-dataset/sad-face/pinterest_430516045647376806.jpg,sad-face
file:///notebooks/AI-for-Media-project-23-24/my-classification-dataset/sad-face/pinterest_430516045647374639.jpg,sad-face
file:///notebooks/AI-for-Media-project-23-24/my-classification-dataset/sad-face/pinterest_430516045646492651.jpg,sad-face
file:///notebooks/AI-for-Media-project-23-24/my-classification-dataset/sad-face/pinterest_430516045646540471.jpg,sad-face
file:///notebooks/AI-for-Media-project-23-24/my-classification-dataset/sad-face/pinterest_115123334204352148.jpg,sad-face
file:///notebooks/AI-for-Media-project-23-24/my-classification-dataset/sad-face/pinterest_430516045647009648.jpg,sad-face
file:///notebooks/AI-for-Media-project-23-24/my-classification-dataset/sad-face/pinterest_430516045647503225.jpg,sad-face
file:///notebooks/AI-for-Media-project-23-24/my-classification-dataset/sad-face/pinterest_430516045647374642.jpg,sad-face
file:///notebooks/AI-for-Media-project-23-24/my-classification-dataset/sad-face/pinterest_430516045647009649.jpg,sad-face
file:///notebooks/AI-for-Media-project-23-24/my-classification-dataset/sad-face/pinterest_430516045647261995.jpg,sad-face
file:///notebooks/AI-for-Media-project-23-24/my-classification-dataset/sad-face/pinterest_430516045647009635.jpg,sad-face
file:///notebooks/AI-for-Media-project-23-24/my-classification-dataset/sad-face/pinterest_430516045647374630.jpg,sad-face
file:///notebooks/AI-for-Media-project-23-24/my-classification-dataset/sad-face/pinterest_115123334203883540.jpg,sad-face
file:///notebooks/AI-for-Media-project-23-24/my-classification-dataset/sad-face/pinterest_115123334203889466.jpg,sad-face
file:///notebooks/AI-for-Media-project-23-24/my-classification-dataset/sad-face/pinterest_430516045647261972.jpg,sad-face
file:///notebooks/AI-for-Media-project-23-24/my-classification-dataset/sad-face/pinterest_430516045647261993.jpg,sad-face
file:///notebooks/AI-for-Media-project-23-24/my-classification-dataset/sad-face/pinterest_430516045647656393.jpg,sad-face
file:///notebooks/AI-for-Media-project-23-24/my-classification-dataset/sad-face/pinterest_430516045647629798.jpg,sad-face
file:///notebooks/AI-for-Media-project-23-24/my-classification-dataset/sad-face/pinterest_430516045647374626.jpg,sad-face
file:///notebooks/AI-for-Media-project-23-24/my-classification-dataset/sad-face/pinterest_430516045647374538.jpg,sad-face
file:///notebooks/AI-for-Media-project-23-24/my-classification-dataset/sad-face/pinterest_430516045647261974.jpg,sad-face
file:///notebooks/AI-for-Media-project-23-24/my-classification-dataset/sad-face/pinterest_115123334203887109.jpg,sad-face
file:///notebooks/AI-for-Media-project-23-24/my-classification-dataset/sad-face/pinterest_430516045646492599.jpg,sad-face
file:///notebooks/AI-for-Media-project-23-24/my-classification-dataset/sad-face/pinterest_430516045646540460.jpg,sad-face
file:///notebooks/AI-for-Media-project-23-24/my-classification-dataset/sad-face/pinterest_115123334203883729.jpg,sad-face
file:///notebooks/AI-for-Media-project-23-24/my-classification-dataset/sad-face/pinterest_430516045647656400.jpg,sad-face
file:///notebooks/AI-for-Media-project-23-24/my-classification-dataset/sad-face/pinterest_430516045647009646.jpg,sad-face
file:///notebooks/AI-for-Media-project-23-24/my-classification-dataset/sad-face/pinterest_430516045647374641.jpg,sad-face
file:///notebooks/AI-for-Media-project-23-24/my-classification-dataset/sad-face/pinterest_527343437594531384.jpg,sad-face
file:///notebooks/AI-for-Media-project-23-24/my-classification-dataset/sad-face/pinterest_430516045646492754.jpg,sad-face
file:///notebooks/AI-for-Media-project-23-24/my-classification-dataset/sad-face/pinterest_527343437594531369.jpg,sad-face
file:///notebooks/AI-for-Media-project-23-24/my-classification-dataset/sad-face/pinterest_115123334204079366.jpg,sad-face
file:///notebooks/AI-for-Media-project-23-24/my-classification-dataset/sad-face/pinterest_115123334203889701.jpg,sad-face
file:///notebooks/AI-for-Media-project-23-24/my-classification-dataset/sad-face/pinterest_527343437594531404.jpg,sad-face
file:///notebooks/AI-for-Media-project-23-24/my-classification-dataset/sad-face/pinterest_115123334203898110.png,sad-face
file:///notebooks/AI-for-Media-project-23-24/my-classification-dataset/sad-face/pinterest_115123334204180505.jpg,sad-face
file:///notebooks/AI-for-Media-project-23-24/my-classification-dataset/sad-face/pinterest_115123334203883537.jpg,sad-face
file:///notebooks/AI-for-Media-project-23-24/my-classification-dataset/sad-face/pinterest_430516045646492627.jpg,sad-face
file:///notebooks/AI-for-Media-project-23-24/my-classification-dataset/sad-face/pinterest_115123334203898140.jpg,sad-face
file:///notebooks/AI-for-Media-project-23-24/my-classification-dataset/sad-face/pinterest_115123334204385477.jpg,sad-face
file:///notebooks/AI-for-Media-project-23-24/my-classification-dataset/sad-face/pinterest_115123334206117421.jpg,sad-face
file:///notebooks/AI-for-Media-project-23-24/my-classification-dataset/sad-face/pinterest_430516045647376816.jpg,sad-face
file:///notebooks/AI-for-Media-project-23-24/my-classification-dataset/sad-face/pinterest_115123334204352150.jpg,sad-face
file:///notebooks/AI-for-Media-project-23-24/my-classification-dataset/sad-face/pinterest_430516045646492613.jpg,sad-face
file:///notebooks/AI-for-Media-project-23-24/my-classification-dataset/sad-face/pinterest_527343437594531365.jpg,sad-face
file:///notebooks/AI-for-Media-project-23-24/my-classification-dataset/sad-face/pinterest_430516045647503190.jpg,sad-face
file:///notebooks/AI-for-Media-project-23-24/my-classification-dataset/sad-face/pinterest_430516045647374715.jpg,sad-face
file:///notebooks/AI-for-Media-project-23-24/my-classification-dataset/sad-face/pinterest_115123334212268486.jpg,sad-face
file:///notebooks/AI-for-Media-project-23-24/my-classification-dataset/sad-face/pinterest_115123334204224119.jpg,sad-face
file:///notebooks/AI-for-Media-project-23-24/my-classification-dataset/sad-face/pinterest_115123334203883752.jpg,sad-face
file:///notebooks/AI-for-Media-project-23-24/my-classification-dataset/sad-face/pinterest_430516045647268611.jpg,sad-face
file:///notebooks/AI-for-Media-project-23-24/my-classification-dataset/sad-face/pinterest_430516045647374711.jpg,sad-face
file:///notebooks/AI-for-Media-project-23-24/my-classification-dataset/sad-face/pinterest_430516045646540477.jpg,sad-face
file:///notebooks/AI-for-Media-project-23-24/my-classification-dataset/sad-face/pinterest_430516045646492750.jpg,sad-face
file:///notebooks/AI-for-Media-project-23-24/my-classification-dataset/sad-face/pinterest_430516045647374543.jpg,sad-face
file:///notebooks/AI-for-Media-project-23-24/my-classification-dataset/sad-face/pinterest_430516045647261989.jpg,sad-face
file:///notebooks/AI-for-Media-project-23-24/my-classification-dataset/sad-face/pinterest_430516045647374615.jpg,sad-face
file:///notebooks/AI-for-Media-project-23-24/my-classification-dataset/sad-face/pinterest_430516045647009670.jpg,sad-face
file:///notebooks/AI-for-Media-project-23-24/my-classification-dataset/sad-face/pinterest_430516045646540470.jpg,sad-face
file:///notebooks/AI-for-Media-project-23-24/my-classification-dataset/scared-face/pinterest_1105774514745986589.jpg,scared-face
file:///notebooks/AI-for-Media-project-23-24/my-classification-dataset/scared-face/pinterest_1105774514745986671.png,scared-face
file:///notebooks/AI-for-Media-project-23-24/my-classification-dataset/scared-face/pinterest_1105774514745986689.jpg,scared-face
file:///notebooks/AI-for-Media-project-23-24/my-classification-dataset/scared-face/pinterest_522839838001901178.jpg,scared-face
file:///notebooks/AI-for-Media-project-23-24/my-classification-dataset/scared-face/pinterest_1105774514745986655.jpg,scared-face
file:///notebooks/AI-for-Media-project-23-24/my-classification-dataset/scared-face/pinterest_1105774514745986605.jpg,scared-face
file:///notebooks/AI-for-Media-project-23-24/my-classification-dataset/scared-face/pinterest_1105774514745986636.jpg,scared-face
file:///notebooks/AI-for-Media-project-23-24/my-classification-dataset/scared-face/pinterest_1105774514745986680.jpg,scared-face
file:///notebooks/AI-for-Media-project-23-24/my-classification-dataset/scared-face/pinterest_1105774514745986597.jpg,scared-face
file:///notebooks/AI-for-Media-project-23-24/my-classification-dataset/scared-face/pinterest_1105774514745986631.jpg,scared-face
file:///notebooks/AI-for-Media-project-23-24/my-classification-dataset/scared-face/pinterest_1105774514745986673.jpg,scared-face
file:///notebooks/AI-for-Media-project-23-24/my-classification-dataset/scared-face/pinterest_1105774514745986683.jpg,scared-face
file:///notebooks/AI-for-Media-project-23-24/my-classification-dataset/scared-face/pinterest_1105774514745986685.jpg,scared-face
file:///notebooks/AI-for-Media-project-23-24/my-classification-dataset/scared-face/pinterest_1105774514745986598.jpg,scared-face
file:///notebooks/AI-for-Media-project-23-24/my-classification-dataset/scared-face/pinterest_1105774514745986687.jpg,scared-face
file:///notebooks/AI-for-Media-project-23-24/my-classification-dataset/scared-face/pinterest_1105774514745986674.jpg,scared-face
file:///notebooks/AI-for-Media-project-23-24/my-classification-dataset/scared-face/pinterest_1105774514745986670.jpg,scared-face
file:///notebooks/AI-for-Media-project-23-24/my-classification-dataset/scared-face/pinterest_1105774514745986590.jpg,scared-face
file:///notebooks/AI-for-Media-project-23-24/my-classification-dataset/scared-face/pinterest_1105774514745986629.jpg,scared-face
file:///notebooks/AI-for-Media-project-23-24/my-classification-dataset/scared-face/pinterest_522839838001901180.jpg,scared-face
file:///notebooks/AI-for-Media-project-23-24/my-classification-dataset/scared-face/pinterest_1105774514745986633.jpg,scared-face
file:///notebooks/AI-for-Media-project-23-24/my-classification-dataset/scared-face/pinterest_1105774514745986682.jpg,scared-face
file:///notebooks/AI-for-Media-project-23-24/my-classification-dataset/scared-face/pinterest_522839838001901181.jpg,scared-face
file:///notebooks/AI-for-Media-project-23-24/my-classification-dataset/scared-face/pinterest_522839838001901177.jpg,scared-face
file:///notebooks/AI-for-Media-project-23-24/my-classification-dataset/scared-face/pinterest_1105774514745986695.gif,scared-face
file:///notebooks/AI-for-Media-project-23-24/my-classification-dataset/scared-face/pinterest_1105774514745986693.jpg,scared-face
file:///notebooks/AI-for-Media-project-23-24/my-classification-dataset/scared-face/pinterest_522839838001901188.jpg,scared-face
file:///notebooks/AI-for-Media-project-23-24/my-classification-dataset/scared-face/pinterest_1105774514745986659.jpg,scared-face
file:///notebooks/AI-for-Media-project-23-24/my-classification-dataset/scared-face/pinterest_1105774514745986632.png,scared-face
file:///notebooks/AI-for-Media-project-23-24/my-classification-dataset/scared-face/pinterest_522839838001901186.gif,scared-face
file:///notebooks/AI-for-Media-project-23-24/my-classification-dataset/scared-face/pinterest_1105774514745986591.jpg,scared-face
file:///notebooks/AI-for-Media-project-23-24/my-classification-dataset/scared-face/pinterest_1105774514745986663.jpg,scared-face
file:///notebooks/AI-for-Media-project-23-24/my-classification-dataset/scared-face/pinterest_1105774514745986641.jpg,scared-face
file:///notebooks/AI-for-Media-project-23-24/my-classification-dataset/scared-face/pinterest_1105774514745986665.jpg,scared-face
file:///notebooks/AI-for-Media-project-23-24/my-classification-dataset/scared-face/pinterest_1105774514745986668.jpg,scared-face
file:///notebooks/AI-for-Media-project-23-24/my-classification-dataset/scared-face/pinterest_1105774514745986653.jpg,scared-face
file:///notebooks/AI-for-Media-project-23-24/my-classification-dataset/scared-face/pinterest_1105774514745986627.jpg,scared-face
file:///notebooks/AI-for-Media-project-23-24/my-classification-dataset/scared-face/pinterest_1105774514745986646.jpg,scared-face
file:///notebooks/AI-for-Media-project-23-24/my-classification-dataset/scared-face/pinterest_522839838001901182.jpg,scared-face
file:///notebooks/AI-for-Media-project-23-24/my-classification-dataset/scared-face/pinterest_1105774514745986664.jpg,scared-face
file:///notebooks/AI-for-Media-project-23-24/my-classification-dataset/scared-face/pinterest_1105774514745986652.jpg,scared-face
file:///notebooks/AI-for-Media-project-23-24/my-classification-dataset/scared-face/pinterest_1105774514745986648.jpg,scared-face
file:///notebooks/AI-for-Media-project-23-24/my-classification-dataset/scared-face/pinterest_1105774514745986594.jpg,scared-face
file:///notebooks/AI-for-Media-project-23-24/my-classification-dataset/scared-face/pinterest_1105774514745986666.jpg,scared-face
file:///notebooks/AI-for-Media-project-23-24/my-classification-dataset/angry-face/pinterest_295196950589558642.jpg,angry-face
file:///notebooks/AI-for-Media-project-23-24/my-classification-dataset/angry-face/pinterest_619807967496593587.jpg,angry-face
file:///notebooks/AI-for-Media-project-23-24/my-classification-dataset/angry-face/pinterest_619807967501038910.jpg,angry-face
file:///notebooks/AI-for-Media-project-23-24/my-classification-dataset/angry-face/pinterest_619807967500866177.jpg,angry-face
file:///notebooks/AI-for-Media-project-23-24/my-classification-dataset/angry-face/pinterest_619807967489469142.jpg,angry-face
file:///notebooks/AI-for-Media-project-23-24/my-classification-dataset/angry-face/pinterest_619807967494434497.jpg,angry-face
file:///notebooks/AI-for-Media-project-23-24/my-classification-dataset/angry-face/pinterest_619807967497778810.png,angry-face
file:///notebooks/AI-for-Media-project-23-24/my-classification-dataset/angry-face/pinterest_619807967489469124.jpg,angry-face
file:///notebooks/AI-for-Media-project-23-24/my-classification-dataset/angry-face/pinterest_619807967494464164.jpg,angry-face
file:///notebooks/AI-for-Media-project-23-24/my-classification-dataset/angry-face/pinterest_619807967501038888.jpg,angry-face
file:///notebooks/AI-for-Media-project-23-24/my-classification-dataset/angry-face/pinterest_619807967492104723.jpg,angry-face
file:///notebooks/AI-for-Media-project-23-24/my-classification-dataset/angry-face/pinterest_619807967500866457.jpg,angry-face
file:///notebooks/AI-for-Media-project-23-24/my-classification-dataset/angry-face/pinterest_619807967501038858.jpg,angry-face
file:///notebooks/AI-for-Media-project-23-24/my-classification-dataset/angry-face/pinterest_619807967498380833.jpg,angry-face
file:///notebooks/AI-for-Media-project-23-24/my-classification-dataset/angry-face/pinterest_619807967501712556.jpg,angry-face
file:///notebooks/AI-for-Media-project-23-24/my-classification-dataset/angry-face/pinterest_619807967491415317.jpg,angry-face
file:///notebooks/AI-for-Media-project-23-24/my-classification-dataset/angry-face/pinterest_619807967501081716.jpg,angry-face
file:///notebooks/AI-for-Media-project-23-24/my-classification-dataset/angry-face/pinterest_619807967498741079.jpg,angry-face
file:///notebooks/AI-for-Media-project-23-24/my-classification-dataset/angry-face/pinterest_619807967492257315.jpg,angry-face
file:///notebooks/AI-for-Media-project-23-24/my-classification-dataset/angry-face/pinterest_619807967496522930.jpg,angry-face
file:///notebooks/AI-for-Media-project-23-24/my-classification-dataset/angry-face/pinterest_619807967498541918.jpg,angry-face
file:///notebooks/AI-for-Media-project-23-24/my-classification-dataset/angry-face/pinterest_295196950589558644.jpg,angry-face
file:///notebooks/AI-for-Media-project-23-24/my-classification-dataset/angry-face/pinterest_295196950589379281.jpg,angry-face
file:///notebooks/AI-for-Media-project-23-24/my-classification-dataset/angry-face/pinterest_295196950590706855.jpg,angry-face
file:///notebooks/AI-for-Media-project-23-24/my-classification-dataset/angry-face/pinterest_619807967497570431.jpg,angry-face
file:///notebooks/AI-for-Media-project-23-24/my-classification-dataset/angry-face/pinterest_619807967495823508.jpg,angry-face
file:///notebooks/AI-for-Media-project-23-24/my-classification-dataset/angry-face/pinterest_619807967497091064.jpg,angry-face
file:///notebooks/AI-for-Media-project-23-24/my-classification-dataset/angry-face/pinterest_619807967490154649.jpg,angry-face
file:///notebooks/AI-for-Media-project-23-24/my-classification-dataset/angry-face/pinterest_619807967497779176.jpg,angry-face
file:///notebooks/AI-for-Media-project-23-24/my-classification-dataset/angry-face/pinterest_619807967499431700.jpg,angry-face
file:///notebooks/AI-for-Media-project-23-24/my-classification-dataset/angry-face/pinterest_619807967499005233.jpg,angry-face
file:///notebooks/AI-for-Media-project-23-24/my-classification-dataset/angry-face/pinterest_295196950588516935.jpg,angry-face
file:///notebooks/AI-for-Media-project-23-24/my-classification-dataset/angry-face/pinterest_619807967495027963.jpg,angry-face
file:///notebooks/AI-for-Media-project-23-24/my-classification-dataset/angry-face/pinterest_619807967495825594.jpg,angry-face
file:///notebooks/AI-for-Media-project-23-24/my-classification-dataset/angry-face/pinterest_619807967497329705.jpg,angry-face
file:///notebooks/AI-for-Media-project-23-24/my-classification-dataset/angry-face/pinterest_619807967496593618.jpg,angry-face
file:///notebooks/AI-for-Media-project-23-24/my-classification-dataset/angry-face/pinterest_619807967498542692.jpg,angry-face
file:///notebooks/AI-for-Media-project-23-24/my-classification-dataset/angry-face/pinterest_619807967501713621.jpg,angry-face
file:///notebooks/AI-for-Media-project-23-24/my-classification-dataset/angry-face/pinterest_619807967495027642.jpg,angry-face
file:///notebooks/AI-for-Media-project-23-24/my-classification-dataset/angry-face/pinterest_619807967492257231.jpg,angry-face
file:///notebooks/AI-for-Media-project-23-24/my-classification-dataset/angry-face/pinterest_619807967491119878.jpg,angry-face
file:///notebooks/AI-for-Media-project-23-24/my-classification-dataset/angry-face/pinterest_522839838001901125.jpg,angry-face
file:///notebooks/AI-for-Media-project-23-24/my-classification-dataset/angry-face/pinterest_619807967491840245.jpg,angry-face
file:///notebooks/AI-for-Media-project-23-24/my-classification-dataset/angry-face/pinterest_619807967492257809.jpg,angry-face
file:///notebooks/AI-for-Media-project-23-24/my-classification-dataset/angry-face/pinterest_619807967500273537.jpg,angry-face
file:///notebooks/AI-for-Media-project-23-24/my-classification-dataset/angry-face/pinterest_619807967489470045.jpg,angry-face
file:///notebooks/AI-for-Media-project-23-24/my-classification-dataset/angry-face/pinterest_619807967501038880.jpg,angry-face
file:///notebooks/AI-for-Media-project-23-24/my-classification-dataset/angry-face/pinterest_619807967500273692.jpg,angry-face
file:///notebooks/AI-for-Media-project-23-24/my-classification-dataset/angry-face/pinterest_619807967489469749.jpg,angry-face
file:///notebooks/AI-for-Media-project-23-24/my-classification-dataset/angry-face/pinterest_619807967492702871.jpg,angry-face
file:///notebooks/AI-for-Media-project-23-24/my-classification-dataset/angry-face/pinterest_619807967497331118.jpg,angry-face
file:///notebooks/AI-for-Media-project-23-24/my-classification-dataset/angry-face/pinterest_619807967498662010.jpg,angry-face
file:///notebooks/AI-for-Media-project-23-24/my-classification-dataset/angry-face/pinterest_619807967501251736.jpg,angry-face
file:///notebooks/AI-for-Media-project-23-24/my-classification-dataset/angry-face/pinterest_295196950592512031.jpg,angry-face
file:///notebooks/AI-for-Media-project-23-24/my-classification-dataset/angry-face/pinterest_619807967493731100.jpg,angry-face
file:///notebooks/AI-for-Media-project-23-24/my-classification-dataset/angry-face/pinterest_619807967491119888.jpg,angry-face
file:///notebooks/AI-for-Media-project-23-24/my-classification-dataset/angry-face/pinterest_619807967492702886.jpg,angry-face
file:///notebooks/AI-for-Media-project-23-24/my-classification-dataset/angry-face/pinterest_619807967500169305.jpg,angry-face
file:///notebooks/AI-for-Media-project-23-24/my-classification-dataset/angry-face/pinterest_619807967501038862.jpg,angry-face
file:///notebooks/AI-for-Media-project-23-24/my-classification-dataset/angry-face/pinterest_619807967496729093.jpg,angry-face
file:///notebooks/AI-for-Media-project-23-24/my-classification-dataset/angry-face/pinterest_619807967496414036.jpg,angry-face
file:///notebooks/AI-for-Media-project-23-24/my-classification-dataset/angry-face/pinterest_619807967494436000.jpg,angry-face
file:///notebooks/AI-for-Media-project-23-24/my-classification-dataset/angry-face/pinterest_619807967491415900.jpg,angry-face
file:///notebooks/AI-for-Media-project-23-24/my-classification-dataset/angry-face/pinterest_619807967489469693.jpg,angry-face
file:///notebooks/AI-for-Media-project-23-24/my-classification-dataset/angry-face/pinterest_619807967492702892.jpg,angry-face
file:///notebooks/AI-for-Media-project-23-24/my-classification-dataset/angry-face/pinterest_619807967489469653.jpg,angry-face
file:///notebooks/AI-for-Media-project-23-24/my-classification-dataset/angry-face/pinterest_619807967491916753.jpg,angry-face
file:///notebooks/AI-for-Media-project-23-24/my-classification-dataset/angry-face/pinterest_619807967496522807.jpg,angry-face
file:///notebooks/AI-for-Media-project-23-24/my-classification-dataset/angry-face/pinterest_522839838001901130.jpg,angry-face
file:///notebooks/AI-for-Media-project-23-24/my-classification-dataset/angry-face/pinterest_619807967492702833.jpg,angry-face
file:///notebooks/AI-for-Media-project-23-24/my-classification-dataset/angry-face/pinterest_295196950588537508.jpg,angry-face
file:///notebooks/AI-for-Media-project-23-24/my-classification-dataset/angry-face/pinterest_619807967501711655.jpg,angry-face
file:///notebooks/AI-for-Media-project-23-24/my-classification-dataset/angry-face/pinterest_295196950589558633.jpg,angry-face
file:///notebooks/AI-for-Media-project-23-24/my-classification-dataset/angry-face/pinterest_619807967494435369.jpg,angry-face
file:///notebooks/AI-for-Media-project-23-24/my-classification-dataset/angry-face/pinterest_295196950588516934.jpg,angry-face
file:///notebooks/AI-for-Media-project-23-24/my-classification-dataset/angry-face/pinterest_619807967497778824.jpg,angry-face
file:///notebooks/AI-for-Media-project-23-24/my-classification-dataset/angry-face/pinterest_619807967500919549.jpg,angry-face
file:///notebooks/AI-for-Media-project-23-24/my-classification-dataset/angry-face/pinterest_619807967498542700.jpg,angry-face
file:///notebooks/AI-for-Media-project-23-24/my-classification-dataset/angry-face/pinterest_619807967497091178.jpg,angry-face
file:///notebooks/AI-for-Media-project-23-24/my-classification-dataset/angry-face/pinterest_619807967495825648.jpg,angry-face
file:///notebooks/AI-for-Media-project-23-24/my-classification-dataset/angry-face/pinterest_295196950592810886.jpg,angry-face
file:///notebooks/AI-for-Media-project-23-24/my-classification-dataset/angry-face/pinterest_619807967501038712.jpg,angry-face
file:///notebooks/AI-for-Media-project-23-24/my-classification-dataset/angry-face/pinterest_295196950588592714.jpg,angry-face
file:///notebooks/AI-for-Media-project-23-24/my-classification-dataset/angry-face/pinterest_619807967497331112.jpg,angry-face
file:///notebooks/AI-for-Media-project-23-24/my-classification-dataset/angry-face/pinterest_295196950588851020.jpg,angry-face
file:///notebooks/AI-for-Media-project-23-24/my-classification-dataset/angry-face/pinterest_619807967498233843.jpg,angry-face
file:///notebooks/AI-for-Media-project-23-24/my-classification-dataset/angry-face/pinterest_619807967489469139.jpg,angry-face
file:///notebooks/AI-for-Media-project-23-24/my-classification-dataset/angry-face/pinterest_522839838001901120.png,angry-face
file:///notebooks/AI-for-Media-project-23-24/my-classification-dataset/angry-face/pinterest_619807967489469824.jpg,angry-face
file:///notebooks/AI-for-Media-project-23-24/my-classification-dataset/angry-face/pinterest_619807967496522808.jpg,angry-face
file:///notebooks/AI-for-Media-project-23-24/my-classification-dataset/angry-face/pinterest_619807967501711627.jpg,angry-face
file:///notebooks/AI-for-Media-project-23-24/my-classification-dataset/angry-face/pinterest_619807967501778831.jpg,angry-face
file:///notebooks/AI-for-Media-project-23-24/my-classification-dataset/angry-face/pinterest_619807967495825582.jpg,angry-face
file:///notebooks/AI-for-Media-project-23-24/my-classification-dataset/angry-face/pinterest_619807967489470067.jpg,angry-face
file:///notebooks/AI-for-Media-project-23-24/my-classification-dataset/angry-face/pinterest_295196950588523007.jpg,angry-face
file:///notebooks/AI-for-Media-project-23-24/my-classification-dataset/angry-face/pinterest_295196950588617268.jpg,angry-face
file:///notebooks/AI-for-Media-project-23-24/my-classification-dataset/angry-face/pinterest_295196950588627762.jpg,angry-face
file:///notebooks/AI-for-Media-project-23-24/my-classification-dataset/angry-face/pinterest_619807967497429738.jpg,angry-face
file:///notebooks/AI-for-Media-project-23-24/my-classification-dataset/angry-face/pinterest_619807967493730304.jpg,angry-face
file:///notebooks/AI-for-Media-project-23-24/my-classification-dataset/angry-face/pinterest_619807967501038918.jpg,angry-face
file:///notebooks/AI-for-Media-project-23-24/my-classification-dataset/angry-face/pinterest_619807967497331150.gif,angry-face
file:///notebooks/AI-for-Media-project-23-24/my-classification-dataset/angry-face/pinterest_619807967499430756.jpg,angry-face
file:///notebooks/AI-for-Media-project-23-24/my-classification-dataset/angry-face/pinterest_619807967501251636.jpg,angry-face
file:///notebooks/AI-for-Media-project-23-24/my-classification-dataset/angry-face/pinterest_619807967496687384.jpg,angry-face
file:///notebooks/AI-for-Media-project-23-24/my-classification-dataset/angry-face/pinterest_619807967497330801.jpg,angry-face
file:///notebooks/AI-for-Media-project-23-24/my-classification-dataset/angry-face/pinterest_619807967492700934.jpg,angry-face
file:///notebooks/AI-for-Media-project-23-24/my-classification-dataset/angry-face/pinterest_619807967497571169.jpg,angry-face
file:///notebooks/AI-for-Media-project-23-24/my-classification-dataset/angry-face/pinterest_619807967498542197.jpg,angry-face
file:///notebooks/AI-for-Media-project-23-24/my-classification-dataset/angry-face/pinterest_619807967492257224.jpg,angry-face
file:///notebooks/AI-for-Media-project-23-24/my-classification-dataset/angry-face/pinterest_619807967490154658.jpg,angry-face
file:///notebooks/AI-for-Media-project-23-24/my-classification-dataset/angry-face/pinterest_619807967494436109.jpg,angry-face
file:///notebooks/AI-for-Media-project-23-24/my-classification-dataset/angry-face/pinterest_295196950589381337.jpg,angry-face
file:///notebooks/AI-for-Media-project-23-24/my-classification-dataset/angry-face/pinterest_619807967495626948.jpg,angry-face
file:///notebooks/AI-for-Media-project-23-24/my-classification-dataset/angry-face/pinterest_619807967498381004.jpg,angry-face
file:///notebooks/AI-for-Media-project-23-24/my-classification-dataset/angry-face/pinterest_619807967497570987.jpg,angry-face
file:///notebooks/AI-for-Media-project-23-24/my-classification-dataset/angry-face/pinterest_619807967501038835.jpg,angry-face
file:///notebooks/AI-for-Media-project-23-24/my-classification-dataset/angry-face/pinterest_619807967493730952.jpg,angry-face
file:///notebooks/AI-for-Media-project-23-24/my-classification-dataset/angry-face/pinterest_619807967500990806.jpg,angry-face
file:///notebooks/AI-for-Media-project-23-24/my-classification-dataset/angry-face/pinterest_619807967498477340.jpg,angry-face
file:///notebooks/AI-for-Media-project-23-24/my-classification-dataset/angry-face/pinterest_619807967501038866.jpg,angry-face
file:///notebooks/AI-for-Media-project-23-24/my-classification-dataset/angry-face/pinterest_619807967500866314.jpg,angry-face
file:///notebooks/AI-for-Media-project-23-24/my-classification-dataset/angry-face/pinterest_619807967497091186.jpg,angry-face
file:///notebooks/AI-for-Media-project-23-24/my-classification-dataset/angry-face/pinterest_522839838002017095.jpg,angry-face
file:///notebooks/AI-for-Media-project-23-24/my-classification-dataset/angry-face/pinterest_619807967497778872.jpg,angry-face
file:///notebooks/AI-for-Media-project-23-24/my-classification-dataset/angry-face/pinterest_619807967493731083.jpg,angry-face
file:///notebooks/AI-for-Media-project-23-24/my-classification-dataset/angry-face/pinterest_295196950589381338.jpg,angry-face
file:///notebooks/AI-for-Media-project-23-24/my-classification-dataset/angry-face/pinterest_619807967492257109.jpg,angry-face
file:///notebooks/AI-for-Media-project-23-24/my-classification-dataset/angry-face/pinterest_619807967493728204.jpg,angry-face
file:///notebooks/AI-for-Media-project-23-24/my-classification-dataset/angry-face/pinterest_619807967489469635.jpg,angry-face
file:///notebooks/AI-for-Media-project-23-24/my-classification-dataset/angry-face/pinterest_295196950588537545.jpg,angry-face
file:///notebooks/AI-for-Media-project-23-24/my-classification-dataset/angry-face/pinterest_295196950589379278.jpg,angry-face
file:///notebooks/AI-for-Media-project-23-24/my-classification-dataset/angry-face/pinterest_619807967498660982.jpg,angry-face
file:///notebooks/AI-for-Media-project-23-24/my-classification-dataset/angry-face/pinterest_619807967489469771.jpg,angry-face
file:///notebooks/AI-for-Media-project-23-24/my-classification-dataset/angry-face/pinterest_619807967497570349.jpg,angry-face
file:///notebooks/AI-for-Media-project-23-24/my-classification-dataset/angry-face/pinterest_619807967492257225.png,angry-face
file:///notebooks/AI-for-Media-project-23-24/my-classification-dataset/angry-face/pinterest_619807967498234244.jpg,angry-face
file:///notebooks/AI-for-Media-project-23-24/my-classification-dataset/angry-face/pinterest_295196950588523009.png,angry-face
file:///notebooks/AI-for-Media-project-23-24/my-classification-dataset/angry-face/pinterest_619807967492104860.jpg,angry-face
file:///notebooks/AI-for-Media-project-23-24/my-classification-dataset/angry-face/pinterest_619807967500817679.jpg,angry-face
file:///notebooks/AI-for-Media-project-23-24/my-classification-dataset/angry-face/pinterest_619807967501038863.jpg,angry-face
file:///notebooks/AI-for-Media-project-23-24/my-classification-dataset/angry-face/pinterest_619807967489470217.png,angry-face
file:///notebooks/AI-for-Media-project-23-24/my-classification-dataset/angry-face/pinterest_619807967491119561.jpg,angry-face
file:///notebooks/AI-for-Media-project-23-24/my-classification-dataset/angry-face/pinterest_295196950588523005.jpg,angry-face
file:///notebooks/AI-for-Media-project-23-24/my-classification-dataset/angry-face/pinterest_619807967496915632.jpg,angry-face
file:///notebooks/AI-for-Media-project-23-24/my-classification-dataset/angry-face/pinterest_295196950588523006.jpg,angry-face
file:///notebooks/AI-for-Media-project-23-24/my-classification-dataset/angry-face/pinterest_619807967497429994.jpg,angry-face
file:///notebooks/AI-for-Media-project-23-24/my-classification-dataset/angry-face/pinterest_619807967489469613.jpg,angry-face
file:///notebooks/AI-for-Media-project-23-24/my-classification-dataset/angry-face/pinterest_619807967493749565.jpg,angry-face
file:///notebooks/AI-for-Media-project-23-24/my-classification-dataset/angry-face/pinterest_619807967489947529.jpg,angry-face
file:///notebooks/AI-for-Media-project-23-24/my-classification-dataset/angry-face/pinterest_619807967499569976.jpg,angry-face
file:///notebooks/AI-for-Media-project-23-24/my-classification-dataset/angry-face/pinterest_619807967497091422.jpg,angry-face
file:///notebooks/AI-for-Media-project-23-24/my-classification-dataset/angry-face/pinterest_619807967497429672.jpg,angry-face
file:///notebooks/AI-for-Media-project-23-24/my-classification-dataset/angry-face/pinterest_619807967498477402.jpg,angry-face
file:///notebooks/AI-for-Media-project-23-24/my-classification-dataset/angry-face/pinterest_619807967493047004.jpg,angry-face
file:///notebooks/AI-for-Media-project-23-24/my-classification-dataset/angry-face/pinterest_619807967489469003.jpg,angry-face
file:///notebooks/AI-for-Media-project-23-24/my-classification-dataset/angry-face/pinterest_619807967500866333.jpg,angry-face
file:///notebooks/AI-for-Media-project-23-24/my-classification-dataset/angry-face/pinterest_619807967495028061.jpg,angry-face
file:///notebooks/AI-for-Media-project-23-24/my-classification-dataset/angry-face/pinterest_522839838001901129.jpg,angry-face
file:///notebooks/AI-for-Media-project-23-24/my-classification-dataset/angry-face/pinterest_295196950588522996.jpg,angry-face
file:///notebooks/AI-for-Media-project-23-24/my-classification-dataset/angry-face/pinterest_619807967501038906.jpg,angry-face
file:///notebooks/AI-for-Media-project-23-24/my-classification-dataset/angry-face/pinterest_619807967495027723.jpg,angry-face
file:///notebooks/AI-for-Media-project-23-24/my-classification-dataset/angry-face/pinterest_619807967501081904.png,angry-face
file:///notebooks/AI-for-Media-project-23-24/my-classification-dataset/angry-face/pinterest_619807967498234020.jpg,angry-face
file:///notebooks/AI-for-Media-project-23-24/my-classification-dataset/angry-face/pinterest_295196950588523002.jpg,angry-face
file:///notebooks/AI-for-Media-project-23-24/my-classification-dataset/angry-face/pinterest_619807967496522942.jpg,angry-face
file:///notebooks/AI-for-Media-project-23-24/my-classification-dataset/angry-face/pinterest_619807967497091265.jpg,angry-face
file:///notebooks/AI-for-Media-project-23-24/my-classification-dataset/angry-face/pinterest_619807967498380837.jpg,angry-face
file:///notebooks/AI-for-Media-project-23-24/my-classification-dataset/angry-face/pinterest_619807967497778399.jpg,angry-face
file:///notebooks/AI-for-Media-project-23-24/my-classification-dataset/angry-face/pinterest_619807967493730915.jpg,angry-face
file:///notebooks/AI-for-Media-project-23-24/my-classification-dataset/angry-face/pinterest_295196950593078718.jpg,angry-face
file:///notebooks/AI-for-Media-project-23-24/my-classification-dataset/angry-face/pinterest_522839838001901128.jpg,angry-face
file:///notebooks/AI-for-Media-project-23-24/my-classification-dataset/angry-face/pinterest_619807967497429714.jpg,angry-face
file:///notebooks/AI-for-Media-project-23-24/my-classification-dataset/angry-face/pinterest_619807967493730965.jpg,angry-face
file:///notebooks/AI-for-Media-project-23-24/my-classification-dataset/angry-face/pinterest_619807967498662089.jpg,angry-face
file:///notebooks/AI-for-Media-project-23-24/my-classification-dataset/angry-face/pinterest_619807967492257211.jpg,angry-face
file:///notebooks/AI-for-Media-project-23-24/my-classification-dataset/angry-face/pinterest_619807967489470306.jpg,angry-face
file:///notebooks/AI-for-Media-project-23-24/my-classification-dataset/angry-face/pinterest_619807967498380840.jpg,angry-face
file:///notebooks/AI-for-Media-project-23-24/my-classification-dataset/angry-face/pinterest_619807967501038762.jpg,angry-face
file:///notebooks/AI-for-Media-project-23-24/my-classification-dataset/angry-face/pinterest_619807967498542693.jpg,angry-face
file:///notebooks/AI-for-Media-project-23-24/my-classification-dataset/angry-face/pinterest_619807967497779634.jpg,angry-face
file:///notebooks/AI-for-Media-project-23-24/my-classification-dataset/angry-face/pinterest_522839838001901126.jpg,angry-face
file:///notebooks/AI-for-Media-project-23-24/my-classification-dataset/angry-face/pinterest_619807967501711646.jpg,angry-face
file:///notebooks/AI-for-Media-project-23-24/my-classification-dataset/angry-face/pinterest_619807967495825675.png,angry-face
file:///notebooks/AI-for-Media-project-23-24/my-classification-dataset/angry-face/pinterest_619807967498380853.jpg,angry-face
file:///notebooks/AI-for-Media-project-23-24/my-classification-dataset/angry-face/pinterest_619807967491699774.png,angry-face
file:///notebooks/AI-for-Media-project-23-24/my-classification-dataset/angry-face/pinterest_619807967501711583.jpg,angry-face
file:///notebooks/AI-for-Media-project-23-24/my-classification-dataset/angry-face/pinterest_619807967501713791.png,angry-face
file:///notebooks/AI-for-Media-project-23-24/my-classification-dataset/angry-face/pinterest_619807967491839976.jpg,angry-face
file:///notebooks/AI-for-Media-project-23-24/my-classification-dataset/angry-face/pinterest_619807967495026949.jpg,angry-face
file:///notebooks/AI-for-Media-project-23-24/my-classification-dataset/angry-face/pinterest_619807967498542674.jpg,angry-face
file:///notebooks/AI-for-Media-project-23-24/my-classification-dataset/angry-face/pinterest_619807967493731114.jpg,angry-face
file:///notebooks/AI-for-Media-project-23-24/my-classification-dataset/angry-face/pinterest_619807967501081723.jpg,angry-face
file:///notebooks/AI-for-Media-project-23-24/my-classification-dataset/angry-face/pinterest_619807967500576014.png,angry-face
file:///notebooks/AI-for-Media-project-23-24/my-classification-dataset/angry-face/pinterest_619807967490081539.jpg,angry-face
file:///notebooks/AI-for-Media-project-23-24/my-classification-dataset/angry-face/pinterest_295196950589381335.jpg,angry-face
file:///notebooks/AI-for-Media-project-23-24/my-classification-dataset/angry-face/pinterest_619807967495026859.jpg,angry-face
file:///notebooks/AI-for-Media-project-23-24/my-classification-dataset/angry-face/pinterest_619807967498380861.jpg,angry-face
file:///notebooks/AI-for-Media-project-23-24/my-classification-dataset/angry-face/pinterest_619807967500866578.jpg,angry-face
file:///notebooks/AI-for-Media-project-23-24/my-classification-dataset/angry-face/pinterest_619807967501038867.jpg,angry-face
file:///notebooks/AI-for-Media-project-23-24/my-classification-dataset/angry-face/pinterest_619807967501038871.jpg,angry-face
file:///notebooks/AI-for-Media-project-23-24/my-classification-dataset/angry-face/pinterest_619807967501252355.jpg,angry-face
file:///notebooks/AI-for-Media-project-23-24/my-classification-dataset/angry-face/pinterest_619807967493731121.jpg,angry-face
file:///notebooks/AI-for-Media-project-23-24/my-classification-dataset/angry-face/pinterest_619807967495626936.jpg,angry-face
file:///notebooks/AI-for-Media-project-23-24/my-classification-dataset/angry-face/pinterest_619807967501038837.jpg,angry-face
file:///notebooks/AI-for-Media-project-23-24/my-classification-dataset/angry-face/pinterest_619807967490154798.jpg,angry-face
file:///notebooks/AI-for-Media-project-23-24/my-classification-dataset/angry-face/pinterest_295196950589558645.jpg,angry-face
file:///notebooks/AI-for-Media-project-23-24/my-classification-dataset/angry-face/pinterest_619807967498233233.jpg,angry-face
file:///notebooks/AI-for-Media-project-23-24/my-classification-dataset/angry-face/pinterest_619807967497159634.jpg,angry-face
file:///notebooks/AI-for-Media-project-23-24/my-classification-dataset/angry-face/pinterest_295196950589558634.jpg,angry-face
file:///notebooks/AI-for-Media-project-23-24/my-classification-dataset/angry-face/pinterest_522839838001901131.jpg,angry-face
file:///notebooks/AI-for-Media-project-23-24/my-classification-dataset/angry-face/pinterest_619807967496522738.jpg,angry-face
file:///notebooks/AI-for-Media-project-23-24/my-classification-dataset/angry-face/pinterest_295196950592810888.jpg,angry-face
file:///notebooks/AI-for-Media-project-23-24/my-classification-dataset/angry-face/pinterest_295196950589381334.jpg,angry-face
file:///notebooks/AI-for-Media-project-23-24/my-classification-dataset/angry-face/pinterest_619807967498542705.jpg,angry-face
file:///notebooks/AI-for-Media-project-23-24/my-classification-dataset/angry-face/pinterest_619807967490154715.jpg,angry-face
file:///notebooks/AI-for-Media-project-23-24/my-classification-dataset/angry-face/pinterest_619807967492257228.jpg,angry-face
file:///notebooks/AI-for-Media-project-23-24/my-classification-dataset/angry-face/pinterest_619807967497330698.jpg,angry-face
file:///notebooks/AI-for-Media-project-23-24/my-classification-dataset/angry-face/pinterest_619807967500779117.jpg,angry-face
file:///notebooks/AI-for-Media-project-23-24/my-classification-dataset/angry-face/pinterest_619807967490529533.jpg,angry-face
file:///notebooks/AI-for-Media-project-23-24/my-classification-dataset/angry-face/pinterest_619807967495823015.jpg,angry-face
file:///notebooks/AI-for-Media-project-23-24/my-classification-dataset/angry-face/pinterest_619807967492104720.jpg,angry-face
file:///notebooks/AI-for-Media-project-23-24/my-classification-dataset/angry-face/pinterest_295196950588537548.jpg,angry-face
file:///notebooks/AI-for-Media-project-23-24/my-classification-dataset/angry-face/pinterest_619807967496522841.jpg,angry-face
file:///notebooks/AI-for-Media-project-23-24/my-classification-dataset/angry-face/pinterest_619807967501038869.jpg,angry-face
file:///notebooks/AI-for-Media-project-23-24/my-classification-dataset/angry-face/pinterest_619807967492104876.jpg,angry-face
file:///notebooks/AI-for-Media-project-23-24/my-classification-dataset/angry-face/pinterest_619807967491191461.jpg,angry-face
file:///notebooks/AI-for-Media-project-23-24/my-classification-dataset/angry-face/pinterest_619807967497572116.jpg,angry-face
file:///notebooks/AI-for-Media-project-23-24/my-classification-dataset/angry-face/pinterest_295196950590706856.png,angry-face
file:///notebooks/AI-for-Media-project-23-24/my-classification-dataset/angry-face/pinterest_619807967497570377.jpg,angry-face
file:///notebooks/AI-for-Media-project-23-24/my-classification-dataset/angry-face/pinterest_619807967496414293.jpg,angry-face
file:///notebooks/AI-for-Media-project-23-24/my-classification-dataset/angry-face/pinterest_619807967496729081.jpg,angry-face
file:///notebooks/AI-for-Media-project-23-24/my-classification-dataset/angry-face/pinterest_619807967495625593.jpg,angry-face
file:///notebooks/AI-for-Media-project-23-24/my-classification-dataset/angry-face/pinterest_295196950589558632.jpg,angry-face
file:///notebooks/AI-for-Media-project-23-24/my-classification-dataset/angry-face/pinterest_619807967501038936.jpg,angry-face
file:///notebooks/AI-for-Media-project-23-24/my-classification-dataset/angry-face/pinterest_619807967497779606.jpg,angry-face
file:///notebooks/AI-for-Media-project-23-24/my-classification-dataset/angry-face/pinterest_295196950588516933.jpg,angry-face
file:///notebooks/AI-for-Media-project-23-24/my-classification-dataset/angry-face/pinterest_619807967492257905.jpg,angry-face
file:///notebooks/AI-for-Media-project-23-24/my-classification-dataset/angry-face/pinterest_619807967500867080.jpg,angry-face
file:///notebooks/AI-for-Media-project-23-24/my-classification-dataset/angry-face/pinterest_619807967501038908.jpg,angry-face
file:///notebooks/AI-for-Media-project-23-24/my-classification-dataset/angry-face/pinterest_619807967497570367.jpg,angry-face
file:///notebooks/AI-for-Media-project-23-24/my-classification-dataset/angry-face/pinterest_619807967490154775.jpg,angry-face
file:///notebooks/AI-for-Media-project-23-24/my-classification-dataset/angry-face/pinterest_619807967501038924.jpg,angry-face
file:///notebooks/AI-for-Media-project-23-24/my-classification-dataset/angry-face/pinterest_619807967496522830.jpg,angry-face
file:///notebooks/AI-for-Media-project-23-24/my-classification-dataset/angry-face/pinterest_619807967491192033.jpg,angry-face
file:///notebooks/AI-for-Media-project-23-24/my-classification-dataset/angry-face/pinterest_619807967501472594.jpg,angry-face
file:///notebooks/AI-for-Media-project-23-24/my-classification-dataset/angry-face/pinterest_522839838001901133.jpg,angry-face
file:///notebooks/AI-for-Media-project-23-24/my-classification-dataset/angry-face/pinterest_522839838001901127.jpg,angry-face
file:///notebooks/AI-for-Media-project-23-24/my-classification-dataset/angry-face/pinterest_619807967497430209.jpg,angry-face
file:///notebooks/AI-for-Media-project-23-24/my-classification-dataset/angry-face/pinterest_522839838001901123.jpg,angry-face
file:///notebooks/AI-for-Media-project-23-24/my-classification-dataset/angry-face/pinterest_619807967493730929.png,angry-face
file:///notebooks/AI-for-Media-project-23-24/my-classification-dataset/angry-face/pinterest_295196950589558646.jpg,angry-face
file:///notebooks/AI-for-Media-project-23-24/my-classification-dataset/surprised-face/pinterest_1105774514745986955.jpg,surprised-face
file:///notebooks/AI-for-Media-project-23-24/my-classification-dataset/surprised-face/pinterest_294985844355087463.jpg,surprised-face
file:///notebooks/AI-for-Media-project-23-24/my-classification-dataset/surprised-face/pinterest_1105774514745987143.jpg,surprised-face
file:///notebooks/AI-for-Media-project-23-24/my-classification-dataset/surprised-face/pinterest_1105774514745987117.jpg,surprised-face
file:///notebooks/AI-for-Media-project-23-24/my-classification-dataset/surprised-face/pinterest_1105774514745987082.png,surprised-face
file:///notebooks/AI-for-Media-project-23-24/my-classification-dataset/surprised-face/pinterest_1105774514745986972.jpg,surprised-face
file:///notebooks/AI-for-Media-project-23-24/my-classification-dataset/surprised-face/pinterest_1105774514745987126.jpg,surprised-face
file:///notebooks/AI-for-Media-project-23-24/my-classification-dataset/surprised-face/pinterest_1105774514745987108.jpg,surprised-face
file:///notebooks/AI-for-Media-project-23-24/my-classification-dataset/surprised-face/pinterest_1105774514745987112.jpg,surprised-face
file:///notebooks/AI-for-Media-project-23-24/my-classification-dataset/surprised-face/pinterest_294985844355189819.jpg,surprised-face
file:///notebooks/AI-for-Media-project-23-24/my-classification-dataset/surprised-face/pinterest_1105774514745986969.jpg,surprised-face
file:///notebooks/AI-for-Media-project-23-24/my-classification-dataset/surprised-face/pinterest_294985844355189824.jpg,surprised-face
file:///notebooks/AI-for-Media-project-23-24/my-classification-dataset/surprised-face/pinterest_1105774514745987185.jpg,surprised-face
file:///notebooks/AI-for-Media-project-23-24/my-classification-dataset/surprised-face/pinterest_1105774514745987137.png,surprised-face
file:///notebooks/AI-for-Media-project-23-24/my-classification-dataset/surprised-face/pinterest_1105774514745987180.jpg,surprised-face
file:///notebooks/AI-for-Media-project-23-24/my-classification-dataset/surprised-face/pinterest_1105774514745987341.jpg,surprised-face
file:///notebooks/AI-for-Media-project-23-24/my-classification-dataset/surprised-face/pinterest_1105774514745987549.jpg,surprised-face
file:///notebooks/AI-for-Media-project-23-24/my-classification-dataset/surprised-face/pinterest_1105774514745987222.jpg,surprised-face
file:///notebooks/AI-for-Media-project-23-24/my-classification-dataset/surprised-face/pinterest_1105774514745987141.jpg,surprised-face
file:///notebooks/AI-for-Media-project-23-24/my-classification-dataset/surprised-face/pinterest_1105774514745987602.jpg,surprised-face
file:///notebooks/AI-for-Media-project-23-24/my-classification-dataset/surprised-face/pinterest_1105774514745986905.jpg,surprised-face
file:///notebooks/AI-for-Media-project-23-24/my-classification-dataset/surprised-face/pinterest_294985844355087464.jpg,surprised-face
file:///notebooks/AI-for-Media-project-23-24/my-classification-dataset/surprised-face/pinterest_294985844355189821.jpg,surprised-face
file:///notebooks/AI-for-Media-project-23-24/my-classification-dataset/surprised-face/pinterest_1105774514745987057.jpg,surprised-face
file:///notebooks/AI-for-Media-project-23-24/my-classification-dataset/surprised-face/pinterest_1105774514745986943.jpg,surprised-face
file:///notebooks/AI-for-Media-project-23-24/my-classification-dataset/surprised-face/pinterest_294985844355087476.jpg,surprised-face
file:///notebooks/AI-for-Media-project-23-24/my-classification-dataset/surprised-face/pinterest_1105774514745987174.jpg,surprised-face
file:///notebooks/AI-for-Media-project-23-24/my-classification-dataset/surprised-face/pinterest_1105774514745987096.jpg,surprised-face
file:///notebooks/AI-for-Media-project-23-24/my-classification-dataset/surprised-face/pinterest_294985844355087453.jpg,surprised-face
file:///notebooks/AI-for-Media-project-23-24/my-classification-dataset/surprised-face/pinterest_294985844355087452.jpg,surprised-face
file:///notebooks/AI-for-Media-project-23-24/my-classification-dataset/surprised-face/pinterest_294985844355087474.jpg,surprised-face
file:///notebooks/AI-for-Media-project-23-24/my-classification-dataset/surprised-face/pinterest_1105774514745987215.jpg,surprised-face
file:///notebooks/AI-for-Media-project-23-24/my-classification-dataset/surprised-face/pinterest_294985844355087459.jpg,surprised-face
file:///notebooks/AI-for-Media-project-23-24/my-classification-dataset/surprised-face/pinterest_1105774514745987091.jpg,surprised-face
file:///notebooks/AI-for-Media-project-23-24/my-classification-dataset/surprised-face/pinterest_1105774514745987135.jpg,surprised-face
file:///notebooks/AI-for-Media-project-23-24/my-classification-dataset/surprised-face/pinterest_1105774514745987088.jpg,surprised-face
file:///notebooks/AI-for-Media-project-23-24/my-classification-dataset/surprised-face/pinterest_1105774514745986963.jpg,surprised-face
file:///notebooks/AI-for-Media-project-23-24/my-classification-dataset/surprised-face/pinterest_294985844355087477.jpg,surprised-face
file:///notebooks/AI-for-Media-project-23-24/my-classification-dataset/surprised-face/pinterest_1105774514745987097.jpg,surprised-face
file:///notebooks/AI-for-Media-project-23-24/my-classification-dataset/surprised-face/pinterest_1105774514745987524.jpg,surprised-face
file:///notebooks/AI-for-Media-project-23-24/my-classification-dataset/surprised-face/pinterest_1105774514745987575.jpg,surprised-face
file:///notebooks/AI-for-Media-project-23-24/my-classification-dataset/surprised-face/pinterest_1105774514745987205.jpg,surprised-face
file:///notebooks/AI-for-Media-project-23-24/my-classification-dataset/surprised-face/pinterest_1105774514745987567.jpg,surprised-face
file:///notebooks/AI-for-Media-project-23-24/my-classification-dataset/surprised-face/pinterest_1105774514745987186.jpg,surprised-face
file:///notebooks/AI-for-Media-project-23-24/my-classification-dataset/surprised-face/pinterest_294985844355087462.jpg,surprised-face
file:///notebooks/AI-for-Media-project-23-24/my-classification-dataset/surprised-face/pinterest_1105774514745986942.jpg,surprised-face
file:///notebooks/AI-for-Media-project-23-24/my-classification-dataset/surprised-face/pinterest_1105774514745987553.jpg,surprised-face
file:///notebooks/AI-for-Media-project-23-24/my-classification-dataset/surprised-face/pinterest_1105774514745986909.png,surprised-face
file:///notebooks/AI-for-Media-project-23-24/my-classification-dataset/surprised-face/pinterest_294985844355189828.jpg,surprised-face
file:///notebooks/AI-for-Media-project-23-24/my-classification-dataset/surprised-face/pinterest_1105774514745987326.jpg,surprised-face
file:///notebooks/AI-for-Media-project-23-24/my-classification-dataset/surprised-face/pinterest_1105774514745986927.jpg,surprised-face
file:///notebooks/AI-for-Media-project-23-24/my-classification-dataset/surprised-face/pinterest_1105774514745987232.png,surprised-face
file:///notebooks/AI-for-Media-project-23-24/my-classification-dataset/surprised-face/pinterest_1105774514745987162.jpg,surprised-face
file:///notebooks/AI-for-Media-project-23-24/my-classification-dataset/surprised-face/pinterest_1105774514745987030.webp,surprised-face
file:///notebooks/AI-for-Media-project-23-24/my-classification-dataset/surprised-face/pinterest_1105774514745987323.png,surprised-face
file:///notebooks/AI-for-Media-project-23-24/my-classification-dataset/surprised-face/pinterest_1105774514745987092.jpg,surprised-face
file:///notebooks/AI-for-Media-project-23-24/my-classification-dataset/surprised-face/pinterest_1105774514745987109.jpg,surprised-face
file:///notebooks/AI-for-Media-project-23-24/my-classification-dataset/surprised-face/pinterest_1105774514745987630.jpg,surprised-face
file:///notebooks/AI-for-Media-project-23-24/my-classification-dataset/surprised-face/pinterest_294985844355087480.jpg,surprised-face
file:///notebooks/AI-for-Media-project-23-24/my-classification-dataset/surprised-face/pinterest_294985844355087467.jpg,surprised-face
file:///notebooks/AI-for-Media-project-23-24/my-classification-dataset/surprised-face/pinterest_294985844355087472.jpg,surprised-face
file:///notebooks/AI-for-Media-project-23-24/my-classification-dataset/surprised-face/pinterest_1105774514745987576.jpg,surprised-face
file:///notebooks/AI-for-Media-project-23-24/my-classification-dataset/surprised-face/pinterest_1105774514745987572.jpg,surprised-face
file:///notebooks/AI-for-Media-project-23-24/my-classification-dataset/surprised-face/pinterest_1105774514745987237.jpg,surprised-face
file:///notebooks/AI-for-Media-project-23-24/my-classification-dataset/surprised-face/pinterest_294985844355087458.jpg,surprised-face
file:///notebooks/AI-for-Media-project-23-24/my-classification-dataset/surprised-face/pinterest_1105774514745986925.jpg,surprised-face
file:///notebooks/AI-for-Media-project-23-24/my-classification-dataset/surprised-face/pinterest_1105774514745987603.jpg,surprised-face
file:///notebooks/AI-for-Media-project-23-24/my-classification-dataset/surprised-face/pinterest_294985844355087457.jpg,surprised-face
file:///notebooks/AI-for-Media-project-23-24/my-classification-dataset/surprised-face/pinterest_1105774514745987540.jpg,surprised-face
file:///notebooks/AI-for-Media-project-23-24/my-classification-dataset/surprised-face/pinterest_1105774514745987036.jpg,surprised-face
file:///notebooks/AI-for-Media-project-23-24/my-classification-dataset/surprised-face/pinterest_1105774514745987149.jpg,surprised-face
file:///notebooks/AI-for-Media-project-23-24/my-classification-dataset/surprised-face/pinterest_1105774514745987177.jpg,surprised-face
file:///notebooks/AI-for-Media-project-23-24/my-classification-dataset/surprised-face/pinterest_1105774514745987103.jpg,surprised-face
file:///notebooks/AI-for-Media-project-23-24/my-classification-dataset/surprised-face/pinterest_1105774514745987113.jpg,surprised-face
file:///notebooks/AI-for-Media-project-23-24/my-classification-dataset/surprised-face/pinterest_1105774514745986931.jpg,surprised-face
file:///notebooks/AI-for-Media-project-23-24/my-classification-dataset/surprised-face/pinterest_1105774514745987115.jpg,surprised-face
file:///notebooks/AI-for-Media-project-23-24/my-classification-dataset/surprised-face/pinterest_1105774514745987559.jpg,surprised-face
file:///notebooks/AI-for-Media-project-23-24/my-classification-dataset/surprised-face/pinterest_1105774514745987241.jpg,surprised-face
file:///notebooks/AI-for-Media-project-23-24/my-classification-dataset/surprised-face/pinterest_1105774514745987238.jpg,surprised-face
file:///notebooks/AI-for-Media-project-23-24/my-classification-dataset/surprised-face/pinterest_1105774514745987258.jpg,surprised-face
file:///notebooks/AI-for-Media-project-23-24/my-classification-dataset/surprised-face/pinterest_1105774514745987138.gif,surprised-face
file:///notebooks/AI-for-Media-project-23-24/my-classification-dataset/surprised-face/pinterest_1105774514745987098.png,surprised-face
file:///notebooks/AI-for-Media-project-23-24/my-classification-dataset/surprised-face/pinterest_1105774514745987538.jpg,surprised-face
file:///notebooks/AI-for-Media-project-23-24/my-classification-dataset/surprised-face/pinterest_1105774514745986929.jpg,surprised-face
file:///notebooks/AI-for-Media-project-23-24/my-classification-dataset/surprised-face/pinterest_1105774514745987523.jpg,surprised-face
file:///notebooks/AI-for-Media-project-23-24/my-classification-dataset/surprised-face/pinterest_1105774514745987528.jpg,surprised-face
file:///notebooks/AI-for-Media-project-23-24/my-classification-dataset/surprised-face/pinterest_1105774514745986930.jpg,surprised-face
file:///notebooks/AI-for-Media-project-23-24/my-classification-dataset/surprised-face/pinterest_294985844355087456.jpg,surprised-face
file:///notebooks/AI-for-Media-project-23-24/my-classification-dataset/surprised-face/pinterest_1105774514745987158.jpg,surprised-face
file:///notebooks/AI-for-Media-project-23-24/my-classification-dataset/surprised-face/pinterest_1105774514745987335.png,surprised-face
file:///notebooks/AI-for-Media-project-23-24/my-classification-dataset/surprised-face/pinterest_294985844355087455.jpg,surprised-face
file:///notebooks/AI-for-Media-project-23-24/my-classification-dataset/surprised-face/pinterest_1105774514745987201.jpg,surprised-face
file:///notebooks/AI-for-Media-project-23-24/my-classification-dataset/surprised-face/pinterest_1105774514745987234.jpg,surprised-face
file:///notebooks/AI-for-Media-project-23-24/my-classification-dataset/surprised-face/pinterest_1105774514745987086.jpg,surprised-face
file:///notebooks/AI-for-Media-project-23-24/my-classification-dataset/surprised-face/pinterest_1105774514745987511.jpg,surprised-face
file:///notebooks/AI-for-Media-project-23-24/my-classification-dataset/surprised-face/pinterest_1105774514745987623.jpg,surprised-face
file:///notebooks/AI-for-Media-project-23-24/my-classification-dataset/surprised-face/pinterest_1105774514745987218.jpg,surprised-face
file:///notebooks/AI-for-Media-project-23-24/my-classification-dataset/surprised-face/pinterest_1105774514745987239.jpg,surprised-face
file:///notebooks/AI-for-Media-project-23-24/my-classification-dataset/surprised-face/pinterest_1105774514745986908.jpg,surprised-face
file:///notebooks/AI-for-Media-project-23-24/my-classification-dataset/surprised-face/pinterest_294985844355087460.png,surprised-face
file:///notebooks/AI-for-Media-project-23-24/my-classification-dataset/surprised-face/pinterest_1105774514745987598.jpg,surprised-face
file:///notebooks/AI-for-Media-project-23-24/my-classification-dataset/surprised-face/pinterest_1105774514745987089.jpg,surprised-face
file:///notebooks/AI-for-Media-project-23-24/my-classification-dataset/surprised-face/pinterest_1105774514745987090.png,surprised-face
file:///notebooks/AI-for-Media-project-23-24/my-classification-dataset/surprised-face/pinterest_1105774514745987537.jpg,surprised-face
file:///notebooks/AI-for-Media-project-23-24/my-classification-dataset/surprised-face/pinterest_1105774514745987020.jpg,surprised-face
file:///notebooks/AI-for-Media-project-23-24/my-classification-dataset/surprised-face/pinterest_1105774514745987142.jpg,surprised-face
file:///notebooks/AI-for-Media-project-23-24/my-classification-dataset/surprised-face/pinterest_1105774514745987165.jpg,surprised-face
file:///notebooks/AI-for-Media-project-23-24/my-classification-dataset/surprised-face/pinterest_1105774514745987548.jpg,surprised-face
file:///notebooks/AI-for-Media-project-23-24/my-classification-dataset/surprised-face/pinterest_1105774514745986965.jpg,surprised-face
file:///notebooks/AI-for-Media-project-23-24/my-classification-dataset/surprised-face/pinterest_1105774514745987083.jpg,surprised-face
file:///notebooks/AI-for-Media-project-23-24/my-classification-dataset/surprised-face/pinterest_1105774514745986936.jpg,surprised-face
file:///notebooks/AI-for-Media-project-23-24/my-classification-dataset/surprised-face/pinterest_1105774514745987224.jpg,surprised-face
file:///notebooks/AI-for-Media-project-23-24/my-classification-dataset/surprised-face/pinterest_1105774514745987509.jpg,surprised-face
